Id,date,agreement,agreement_eng,event_type,event_type_eng,subject,subject_eng,organizer,organizer_eng,description,description_eng,place,number_of_detentions,links
1,04.12.2011,не согласовано,Unauthorised,митинг,Rally,За честные выборы,For fair elections,Оркгомитет 23 августа,The 23rd of August Organizing Committee,"Сход ""Народ против незаконных выборов!""","Gathering ""People against illegal elections!""","триумальная, площадь революции",198,"оценка овд-инфо, ССЫЛКИ, http://namarsh-ru.livejournal.com/6144795.html"
2,05.12.2011,согласовано,Authorised,митинг,Rally,За честные выборы,For fair elections,Солидарность,Solidarity Movement,Митинг по поводу массовых фальсификаций на выборах 4 декабря 2011 года ,"Rally against mass election fraud December 4, 2011",чистые пруды,300,http://ovdinfo.org/article/sergei-udaltsov-politicheskii-zaklyuchennyi
3,06.12.2011,не согласовано,Unauthorised,митинг,Rally,За честные выборы,For fair elections,стихийная,Spontaneous,"Протест против массовых фальсификаций на выборах 4 декабря 2011 года (""Путин, уходи!"")","Protest against mass fraud in 4 December election (""Putin, go away!"")",триумфальная площадь,600,http://ovdinfo.org/article/sergei-udaltsov-politicheskii-zaklyuchennyi
4,07.12.2011,не согласовано,Unauthorised,митинг,Rally,За честные выборы,For fair elections,стихийная,Spontaneous,"Протест против массовых фальсификаций на выборах 4 декабря 2011 года (""Путин, уходи!"")","Protest against mass fraud in 4 December election (""Putin, go away!"")",триумфальная площадь,70,http://lenta.ru/news/2011/12/08/figures/
5,14.12.2011,не согласовано,Unauthorised,одиночный пикет,One-person picket,политзеки,Political prisoners,стихийная,Spontaneous,Одиночные пикеты в поддержку арестованных 4 декабря,Pickets in support of 4 December arrestees,Симферопольский бульвар,3,http://ovdinfo.org/express-news/19
6,18.12.2011,согласовано,Authorised,митинг,Rally,За честные выборы,For fair elections,другое,Other,Митинг Яблоко,Yabloko Rally,Болотная,2,http://ovdinfo.org/express-news/20
7,20.12.2011,не согласовано,Unauthorised,активист,Activist,другое,Other,другое,Other,Задержание активистов,Activists arrested,Дом студента на Кравченко,1,http://ovdinfo.org/express-news/26
8,21.12.2011,не согласовано,Unauthorised,акция,Direct action,За честные выборы,For fair elections,Другая Россия,Other Russia,"Акция ""Не допустим самозванцев в парламент!""","Action ""Prevent impostors in parliament!""",Госдума,27,"http://ovdinfo.org/express-news/29, http://ovdinfo.org/express-news/30, http://ovdinfo.org/express-news/31, http://ovdinfo.org/express-news/33"
13,23.12.2011,не согласовано,Unauthorised,активист,Activist,другое,Other,другое,Other,Задержание активистов,Activists arrested,Павел Чиков,1,http://ovdinfo.org/express-news/44
11,23.12.2011,не согласовано,Unauthorised,агитация,Agitation,За честные выборы,For fair elections,другое,Other,Задержание активистов,Activists arrested,МГУ,1,http://ovdinfo.org/express-news/41
12,23.12.2011,не согласовано,Unauthorised,агитация,Agitation,За честные выборы,For fair elections,другое,Other,Расклейка листовок,Posting flyers,м Воробьевы Горы,2,http://ovdinfo.org/express-news/41
9,23.12.2011,не согласовано,Unauthorised,агитация,Agitation,За честные выборы,For fair elections,Мастерская протестных действий,The Protest Actions Workshop,задержание активистов,Activists arrested,Мастерская,2,http://ovdinfo.org/express-news/46
10,23.12.2011,не согласовано,Unauthorised,агитация,Agitation,За честные выборы,For fair elections,Оргкомитет протестных действий,Protest Actions Organizing Committee,"Флеш-моб в метро ""У меня украли голос""","Flashmob in the subway, ""I was robbed of my voice""",станции метро,30,"http://ovdinfo.org/express-news/45, http://ovdinfo.org/express-news/47"
14,24.12.2011,согласовано,Authorised,митинг,Rally,За честные выборы,For fair elections,Оргкомитет протестных действий,Protest Actions Organizing Committee,Задержаны на подходе к митингу,Arrested on their way to the rally,Сахарова,10,http://ovdinfo.org/express-news/49
15,25.12.2011,не согласовано,Unauthorised,пикет,Picket,политзеки,Political prisoners,стихийная,Spontaneous,Суд на Удальцовым,Court for Udaltsov,Новая Площадь,3,http://ovdinfo.org/express-news/57
16,31.12.2011,не согласовано,Unauthorised,митинг,Rally,Стратегия-31,Strategy-31,Стратегия-31,Strategy-31,Стратегия-31,Strategy 31,Триумфальная,62,http://ovdinfo.org/express-news/70
17,10.01.2012,не согласовано,Unauthorised,одиночный пикет,One-person picket,политзеки,Political prisoners,Другая Россия,Other Russia,"Одиночные пикеты ""Свободу Таисии Осиповой!""","Pickets ""Freedom to Taisia ​​Osipova!""",Пикеты у ст.метрополитена,4,http://ovdinfo.org/express-news/75
18,14.01.2012,согласовано,Authorised,митинг,Rally,За честные выборы,For fair elections,Яблоко,Yabloko,Список Чурова — митинг партии Яблоко,Churov list - Yabloko party rally,Чистопрудный бульвар,3,http://ovdinfo.org/express-news/77
19,18.01.2012,не согласовано,Unauthorised,пикет,Picket,другое,Other,Пиратская партия,Pirate Paty,SOPA — пикет Пиратской партии,SOPA - Pirate Party rally,посольство сша,2,http://ovdinfo.org/express-news/78
20,19.01.2012,согласовано,Authorised,митинг,Rally,антифа,Antifa,Комитет 19 января,The 19 January Committee,Марш и митинг в память убитых Маркелова и Бабуровой,March and rally in memory of Markelov and Baburova,Пушкинская,1,http://ovdinfo.org/express-news/80
21,20.01.2012,не согласовано,Unauthorised,акция,Direct action,антиПутин,anti-Putin,Pussy Riot,Pussy Riot,Pussy Riot (концерт на Лобном месте),Pussy Riot (performance at Lobnoye Mesto),Красная площадь,8,http://ovdinfo.org/express-news/81
22,24.01.2012,не согласовано,Unauthorised,агитация,Agitation,За честные выборы,For fair elections,Росагит,Rosagit,Раздача палаток РосАгитом,"Distribution of tents, RosAgit",Пушкинская,1,http://ovdinfo.org/express-news/83
23,31.01.2012,не согласовано,Unauthorised,митинг,Rally,Стратегия-31,Strategy-31,Стратегия-31,Strategy-31,Стратегия-31,Strategy 31,Триумфальная,48,http://ovdinfo.org/express-news/86
24,02.02.2012,не согласовано,Unauthorised,одиночный пикет,One-person picket,За честные выборы,For fair elections,стихийная,Spontaneous,Информационный прорыв — пикеты у метро,Information breakthrough - pickets at the Metro,метро,1,http://ovdinfo.org/express-news/90
25,07.02.2012,не согласовано,Unauthorised,пикет,Picket,антиПутин,anti-Putin,Другая Россия,Other Russia,Остановим диктатуру! ,Stop dictatorship!,ЦИК,15,http://ovdinfo.org/express-news/91
26,13.02.2012,не согласовано,Unauthorised,акция,Direct action,другое,Other,Femen,Femen,Анти-газпромовская акция Femen,Anti-Gazprom action by Femen,Газпром ,1,http://ovdinfo.org/express-news/94
27,14.02.2012,не согласовано,Unauthorised,пикет,Picket,антиПутин,anti-Putin,Другая Россия,Other Russia,Остановим диктатуру! ,Stop dictatorship!,ЦИК,23,"http://ovdinfo.org/express-news/99, http://ovdinfo.org/express-news/100"
28,18.02.2012,не согласовано,Unauthorised,одиночный пикет,One-person picket,За честные выборы,For fair elections,Оргкомитет протестных действий,Protest Actions Organizing Committee,Живая цепь свободных ,Human chain of the free,Тверская,13,http://ovdinfo.org/express-news/103
29,19.02.2012,не согласовано,Unauthorised,акция,Direct action,За честные выборы,For fair elections,Оргкомитет протестных действий,Protest Actions Organizing Committee,Москва сжимает белое кольцо ,White Ring,Крымский вал,3,"http://ovdinfo.org/express-news/110, http://ovdinfo.org/express-news/111"
30,21.02.2012,не согласовано,Unauthorised,пикет,Picket,антиПутин,anti-Putin,Другая Россия,Other Russia,Остановим диктатуру! ,Stop dictatorship!,ЦИК,25,http://ovdinfo.org/express-news/112
31,23.02.2012,не согласовано,Unauthorised,агитация,Agitation,антиПутин,anti-Putin,Солидарность,Solidarity Movement,Путин. Итоги  - раздача брошюр,Putin. Results - distribution of brochures,"Спортивная, Лужники",18,http://ovdinfo.org/express-news/122
32,25.02.2012,не согласовано,Unauthorised,пикет,Picket,политзеки,Political prisoners,стихийная,Spontaneous,Пикет по голодающей Стецуре,Picket in support of hunger striker Stetsura,Спецприемник,5,http://ovdinfo.org/express-news/125
33,26.02.2012,не согласовано,Unauthorised,одиночный пикет,One-person picket,политзеки,Political prisoners,стихийная,Spontaneous,Одиночный пикет,One-person picket,Красная площадь,2,http://ovdinfo.org/express-news/127
34,28.02.2012,не согласовано,Unauthorised,пикет,Picket,антиПутин,anti-Putin,Другая Россия,Other Russia,Остановим диктатуру! ,Stop dictatorship!,ЦИК,16,http://ovdinfo.org/express-news/132
35,29.02.2012,не согласовано,Unauthorised,акция,Direct action,За честные выборы,For fair elections,Росагит,Rosagit,Раздача палаток РосАгитом,"Distribution of tents, RosAgit",Пушкинская,4,http://ovdinfo.org/express-news/135
36,03.03.2012,не согласовано,Unauthorised,агитация,Agitation,За честные выборы,For fair elections,Солидарность,Solidarity Movement,Агитационная акция активистов Солидарности,"Promotional action, Solidarity movement",Метро комсомольская,4,http://ovdinfo.org/express-news/136
37,05.03.2012,согласовано,Authorised,митинг,Rally,За честные выборы,For fair elections,Оргкомитет протестных действий,Protest Actions Organizing Committee,"Митинг ""Россия без Путина""","Rally ""Russia without Putin""","Лубянка, Пушкинская",258,http://ovdinfo.org/article/5-marta-spisok-zaderzhannykh
38,06.03.2012,не согласовано,Unauthorised,активист,Activist,За честные выборы,For fair elections,другое,Other,Задержание активистов,Activists arrested,м.Охотный ряд,1,http://ovdinfo.org/express-news/187
39,06.03.2012,не согласовано,Unauthorised,другое,Other,За честные выборы,For fair elections,стихийная,Spontaneous,Стихийный протест,Spontaneous protest,Пушкинская,12,http://ovdinfo.org/express-news/186
40,08.03.2012,не согласовано,Unauthorised,прогулка\оккупай,Stroll/Occupy,За честные выборы,For fair elections,Солидарность,Solidarity Movement,Прогулки с белыми лентами,Stroll with white ribbons,Красная площадь,7,http://ovdinfo.org/express-news/194
41,08.03.2012,не согласовано,Unauthorised,другое,Other,За честные выборы,For fair elections,стихийная,Spontaneous,Стихийный протест,Spontaneous protest,пушкинская,20,http://ovdinfo.org/express-news/196
42,10.03.2012,не согласовано,Unauthorised,марш,Marche,другое,Other,Националисты,Nationalists,"Марш националистов, старый Арбат","Nationalists' march, Old Arbat",Киевская,25,http://ovdinfo.org/express-news/199
44,10.03.2012,не согласовано,Unauthorised,одиночный пикет,One-person picket,другое,Other,Яблоко,Yabloko,Пикет активиста партии Яблоко,Yabloko party activist;s picket,Тверская,1,http://ovdinfo.org/express-news/205
43,10.03.2012,согласовано,Authorised,митинг,Rally,За честные выборы,For fair elections,Оргкомитет протестных действий,Protest Actions Organizing Committee,"Задержание активистов после митинга ""За честные выборы""","Activists arrested after the rally ""For Fair Elections""",Новый арбат,5,http://ovdinfo.org/express-news/202
45,10.03.2012,не согласовано,Unauthorised,другое,Other,За честные выборы,For fair elections,стихийная,Spontaneous,Задержаны на подходе,Detained on the way,Пушкинская площадь,3,http://ovdinfo.org/express-news/203
46,13.03.2012,не согласовано,Unauthorised,пикет,Picket,социальная,Social,другое,Other,Задержание активистов. АрхНадзор,Architectural Watch activists arrested,Козихинский,3,http://ovdinfo.org/express-news/209
47,14.03.2012,не согласовано,Unauthorised,пикет,Picket,Pussy Riot,Pussy Riot,стихийная,Spontaneous,Пикет Pussy Riot,Pussy Riot Picket ,мосгоррайонный суд,1,http://ovdinfo.org/express-news/210
48,14.03.2012,не согласовано,Unauthorised,пикет,Picket,социальная,Social,другое,Other,Задержание активистов. АрхНадзор,Architectural Watch activists arrested,Козихинский,4,http://ovdinfo.org/express-news/211
49,17.03.2012,не согласовано,Unauthorised,пикет,Picket,политзеки,Political prisoners,Экологи,Environmentalists,Одиночные пикеты в поддержку Сурена Газаряна и Евгения Витишко,Pickets in support of Suren Ghazaryan and Eugene Vitishko,Площадь Революции,28,http://ovdinfo.org/express-news/218
50,18.03.2012,не согласовано,Unauthorised,пикет,Picket,другое,Other,стихийная,Spontaneous,Пикет против наглой лжи НТВ,Picket against NTV's lies,Останкино,95,http://ovdinfo.org/article/zaderzhannye-na-stikhiinom-pikete-protiv-nagloi-lzhi-telekanala-ntv
51,18.03.2012,не согласовано,Unauthorised,прогулка\оккупай,Stroll/Occupy,За честные выборы,For fair elections,Солидарность,Solidarity Movement,Прогулки с белыми лентами,Stroll with white ribbons,Красная площадь,13,http://ovdinfo.org/express-news/240
52,20.03.2012,не согласовано,Unauthorised,пикет,Picket,другое,Other,стихийная,Spontaneous,Пикет НТВ,Picket NTV,Останкино,1,http://ovdinfo.org/express-news/257
53,21.03.2012,не согласовано,Unauthorised,пикет,Picket,социальная,Social,другое,Other,"Пикет против займов под огромные проценты, рекламирующихся через отделения ""Почты России""",Rally against huge interest loans advertised by the Russian Post Service,Варшавское,5,http://ovdinfo.org/express-news/261
54,23.03.2012,не согласовано,Unauthorised,другое,Other,политзеки,Political prisoners,другое,Other,Судебное слушание по делу Алексея Козлова,A court hearing on the case of Alexei Kozlov,пресненский районный суд,2,http://ovdinfo.org/express-news/263
55,24.03.2012,не согласовано,Unauthorised,пикет,Picket,политзеки,Political prisoners,стихийная,Spontaneous,Пикет по Магнисткому,Picket on Magnistky,МВД-Калужская,2,http://ovdinfo.org/express-news/265
56,25.03.2012,не согласовано,Unauthorised,прогулка\оккупай,Stroll/Occupy,За честные выборы,For fair elections,Солидарность,Solidarity Movement,Прогулки с белыми лентами,Stroll with white ribbons,Красная площадь,33,"http://ovdinfo.org/express-news/266, http://ovdinfo.org/express-news/267"
57,31.03.2012,не согласовано,Unauthorised,митинг,Rally,другое,Other,Левый фронт,The Left Front,Встреча с Удальцовым,Meeting with Udaltsov,пушкинская,2,http://ovdinfo.org/express-news/271
58,31.03.2012,не согласовано,Unauthorised,митинг,Rally,Стратегия-31,Strategy-31,Стратегия-31,Strategy-31,Стратегия-31,Strategy 31,Триумфальная,64,http://ovdinfo.org/article/zaderzhannye-31-marta-na-triumfalnoi-spisok
59,01.04.2012,не согласовано,Unauthorised,акция,Direct action,другое,Other,Яблоко,Yabloko,Яблоко против Призыва,Yabloko against conscription,Старый арбат,6,http://www.yabloko.ru/regnews/Moscow/2012/04/01_0
60,01.04.2012,не согласовано,Unauthorised,прогулка\оккупай,Stroll/Occupy,За честные выборы,For fair elections,Солидарность,Solidarity Movement,Прогулки с белыми лентами,Stroll with white ribbons,Красная площадь,89,http://ovdinfo.org/article/zaderzhaniya-1-aprelya-na-krasnoi-ploshchadi
61,06.04.2012,не согласовано,Unauthorised,пикет,Picket,социальная,Social,Левый фронт,The Left Front,Одиночные пикеты с призывом к властям выполнять обязательства по капремонту домов,One-person pickets calling on authorities to fulfill obligations on capital repairs of housing,Госдума,8,http://ovdinfo.org/express-news/328
63,08.04.2012,не согласовано,Unauthorised,прогулка\оккупай,Stroll/Occupy,За честные выборы,For fair elections,Солидарность,Solidarity Movement,Прогулки с белыми лентами,Stroll with white ribbons,Красная площадь,3,http://ovdinfo.org/express-news/332
62,08.04.2012,не согласовано,Unauthorised,акция,Direct action,За честные выборы,For fair elections,стихийная,Spontaneous,Белое Метро,White Subway,Площадь Революции,4,http://ovdinfo.org/express-news/334
64,10.04.2012,не согласовано,Unauthorised,пикет,Picket,За честные выборы,For fair elections,стихийная,Spontaneous,Пикетирование представительства Астрахани в поддержку Олега Шеина,Astrakhan representation picketing in support of Oleg Shein,"Проспект Мира, д. 3, стр. 1",1,http://ovdinfo.org/express-news/339
65,10.04.2012,не согласовано,Unauthorised,пикет,Picket,социальная,Social,другое,Other,"Одиночные пикеты работников подмосковного завода ""Камов"" ""Время Орды закончилось""",One-person pickets by Kamov plant workers near Moscow,Красная площадь,6,http://ovdinfo.org/express-news/340
66,11.04.2012,не согласовано,Unauthorised,акция,Direct action,За честные выборы,For fair elections,стихийная,Spontaneous,Белая Дума,White Duma,Госдума,16,"http://ovdinfo.org/express-news/342, http://ovdinfo.org/express-news/343, http://ovdinfo.org/express-news/344"
67,15.04.2012,не согласовано,Unauthorised,прогулка\оккупай,Stroll/Occupy,За честные выборы,For fair elections,Солидарность,Solidarity Movement,Прогулки с белыми лентами,Stroll with white ribbons,Красная площадь,3,http://ovdinfo.org/express-news/348
68,17.04.2012,не согласовано,Unauthorised,акция,Direct action,экология,Environmental,Экологи,Environmentalists,Гринпис,Greenpeace,"отель ""Ренессанс Монарх""",23,http://ovdinfo.org/express-news/350
69,19.04.2012,не согласовано,Unauthorised,пикет,Picket,Pussy Riot,Pussy Riot,стихийная,Spontaneous,Фестиваль Pussy Riot,Festival Pussy Riot,Таганский районный суд,27,http://ovdinfo.org/article/zaderzhaniya-na-aktsii-v-podderzhku-pussy-riot-u-taganskogo-suda
70,19.04.2012,не согласовано,Unauthorised,акция,Direct action,антиПутин,anti-Putin,другое,Other,Фотопрогулка по Тверской ,Photo-stroll along the Tverskaya,Тверская,7,http://ovdinfo.org/express-news/366
71,21.04.2012,не согласовано,Unauthorised,эколагерь,Eco-camp,экология,Environmental,Экологи,Environmentalists,"Задержания участников ""Народного схода защитников Цаговского леса""","Arrests of participants of the ""People's gathering of the Tsagovsky forest defenders""",Жуковский,7,http://ovdinfo.org/express-news/374
72,22.04.2012,не согласовано,Unauthorised,прогулка\оккупай,Stroll/Occupy,За честные выборы,For fair elections,Солидарность,Solidarity Movement,Прогулки с белыми лентами,Stroll with white ribbons,Красная площадь,5,"http://ovdinfo.org/express-news/378, http://ovdinfo.org/express-news/381, http://ovdinfo.org/express-news/380"
73,22.04.2012,не согласовано,Unauthorised,эколагерь,Eco-camp,экология,Environmental,Экологи,Environmentalists,Защита Цаговского леса ,Tsagovsky forest defence,Жуковский,1,http://ovdinfo.org/express-news/384
74,29.04.2012,не согласовано,Unauthorised,акция,Direct action,Pussy Riot,Pussy Riot,другое,Other,В защиту Pussy Riot,Pussy Riot solidarity,ХХС,3,http://ovdinfo.org/express-news/388
75,29.04.2012,не согласовано,Unauthorised,агитация,Agitation,антиПутин,anti-Putin,Солидарность,Solidarity Movement,Задержание активистов,Activists arrested,м.Охотный ряд,1,http://ovdinfo.org/express-news/390
76,29.04.2012,не согласовано,Unauthorised,прогулка\оккупай,Stroll/Occupy,За честные выборы,For fair elections,Солидарность,Solidarity Movement,Прогулки с белыми лентами,Stroll with white ribbons,Красная площадь,6,http://ovdinfo.org/express-news/387
77,29.04.2012,не согласовано,Unauthorised,эколагерь,Eco-camp,экология,Environmental,Экологи,Environmentalists,Защита Цаговского леса,Tsagovsky forest defence,Жуковский,2,"http://ovdinfo.org/express-news/389, http://ovdinfo.org/express-news/391"
78,30.04.2012,не согласовано,Unauthorised,эколагерь,Eco-camp,экология,Environmental,Экологи,Environmentalists,Защита Цаговского леса,Tsagovsky forest defence,Жуковский,2,http://ovdinfo.org/express-news/395
79,02.05.2012,не согласовано,Unauthorised,агитация,Agitation,антиПутин,anti-Putin,Оргкомитет протестных действий,Protest Actions Organizing Committee,Раздача листовок,Leafleting,м.Комсомольская,5,http://ovdinfo.org/express-news/397
80,03.05.2012,согласовано,Authorised,агитация,Agitation,антиПутин,anti-Putin,другое,Other,Раздача листовок,Leafleting,согласованный митинг у театра Сац,1,http://ovdinfo.org/express-news/398
81,04.05.2012,не согласовано,Unauthorised,другое,Other,другое,Other,другое,Other,Задержание активистов,Activists arrested,Болотная площадь,2,http://ovdinfo.org/express-news/877
82,06.05.2012,не согласовано,Unauthorised,акция,Direct action,антиПутин,anti-Putin,другое,Other,"Акция ""Не пустим вора в Кремль""","Action ""Do not let the thief in the Kremlin""",Манежная площадь,202,http://ovdinfo.org/article/zaderzhaniya-v-moskve-06052012
83,06.05.2012,согласовано,Authorised,марш,Marche,антиПутин,anti-Putin,Оргкомитет протестных действий,Protest Actions Organizing Committee,Марш миллионов,March of Millions,Болотная Площадь,449,http://ovdinfo.org/article/zaderzhaniya-v-moskve-06052012
84,07.05.2012,не согласовано,Unauthorised,прогулка\оккупай,Stroll/Occupy,антиПутин,anti-Putin,Мастерская протестных действий,The Protest Actions Workshop,Белый город,The White City,"Манежная, Китай-Город, Чистые Пруды, Кропоткинская — далее везде",508,http://ovdinfo.org/article/zaderzhaniya-v-moskve-7-maya-2012
85,08.05.2012,не согласовано,Unauthorised,прогулка\оккупай,Stroll/Occupy,антиПутин,anti-Putin,стихийная,Spontaneous,Прогулки по бульварам,Stroll along the boulevards,"Чистые пруды, Лубянка, Арбат, Патрики, Пушкинская, Тверская",331,http://ovdinfo.org/article/zaderzhaniya-v-moskve-8-9-maya-2012
86,09.05.2012,не согласовано,Unauthorised,прогулка\оккупай,Stroll/Occupy,антиПутин,anti-Putin,стихийная,Spontaneous,Продолжение прогулок по бульварам,Continued stroll along the boulevards,"Баррикадная, Лубянка, Александровский сад",35,"http://ovdinfo.org/express-news/545, http://ovdinfo.org/express-news/546"
87,10.05.2012,не согласовано,Unauthorised,пикет,Picket,политзеки,Political prisoners,стихийная,Spontaneous,Пикет у спецприемника,Picket at detention center,симферопольский,2,http://ovdinfo.org/express-news/552
88,14.05.2012,не согласовано,Unauthorised,эколагерь,Eco-camp,экология,Environmental,Экологи,Environmentalists,Защита Цаговского леса,Tsagovsky forest defence,жуковский,1,http://ovdinfo.org/express-news/559
89,15.05.2012,не согласовано,Unauthorised,оккупай,Occupy,оккупай,Occupy,стихийная,Spontaneous,Задержание активистов,Activists arrested,Чистые пруды,1,http://ovdinfo.org/express-news/561
90,15.05.2012,не согласовано,Unauthorised,оккупай,Occupy,оккупай,Occupy,стихийная,Spontaneous,Задержание активистов,Activists arrested,никитский бульвар,4,http://ovdinfo.org/express-news/562
91,16.05.2012,не согласовано,Unauthorised,оккупай,Occupy,оккупай,Occupy,стихийная,Spontaneous,лагерь оккупай-абай,Camp OccupyAbai,"Чистые пруды, баррикадная",28,"http://ovdinfo.org/article/razgon-lagerya-okkupaiabai, http://ovdinfo.org/express-news/569 "
92,16.05.2012,не согласовано,Unauthorised,оккупай,Occupy,оккупай,Occupy,стихийная,Spontaneous,Лагерь Оккупайабай,Camp OccupyAbai,баррикадная,33,"http://ovdinfo.org/express-news/578, http://ovdinfo.org/express-news/581, http://ovdinfo.org/express-news/579, http://ovdinfo.org/express-news/583"
93,17.05.2012,не согласовано,Unauthorised,оккупай,Occupy,оккупай,Occupy,стихийная,Spontaneous,Лагерь Оккупайабай,Camp OccupyAbai,баррикадная,12,"http://ovdinfo.org/express-news/589, http://ovdinfo.org/express-news/590"
94,18.05.2012,не согласовано,Unauthorised,оккупай,Occupy,оккупай,Occupy,стихийная,Spontaneous,Лагерь Оккупайабай,Camp OccupyAbai,баррикадная,2,http://ovdinfo.org/express-news/596
95,18.05.2012,не согласовано,Unauthorised,пикет,Picket,политзеки,Political prisoners,стихийная,Spontaneous,Пикет в поддержку удальцова,Rally in support of Udaltsov,столичного управления МВД,1,http://ovdinfo.org/express-news/597
96,19.05.2012,не согласовано,Unauthorised,оккупай,Occupy,оккупай,Occupy,стихийная,Spontaneous,Лагерь Оккупайбаррикады,Camp OkkupayBarrikady,баррикадная,27,http://ovdinfo.org/article/razgon-lagerya-na-barrikadnoi
97,19.05.2012,не согласовано,Unauthorised,оккупай,Occupy,оккупай,Occupy,стихийная,Spontaneous,Прогулки по бульварам,Stroll along the boulevards,никитский бульвар,13,http://ovdinfo.org/express-news/613
98,19.05.2012,не согласовано,Unauthorised,оккупай,Occupy,оккупай,Occupy,стихийная,Spontaneous,Лагерь Оккупайарбат,Camp OkkupayArbat,арбат,19,http://ovdinfo.org/express-news/619
99,19.05.2012,не согласовано,Unauthorised,эколагерь,Eco-camp,экология,Environmental,Экологи,Environmentalists,Защита Цаговского леса,Tsagovsky forest defence,жуковский,21,http://ovdinfo.org/express-news/624
100,20.05.2012,не согласовано,Unauthorised,оккупай,Occupy,оккупай,Occupy,стихийная,Spontaneous,Лагерь Оккупайарбат,Camp OkkupayArbat,арбат,14,http://ovdinfo.org/express-news/627
101,21.05.2012,не согласовано,Unauthorised,оккупай,Occupy,оккупай,Occupy,стихийная,Spontaneous,Лагерь Оккупайбаррикады,Camp OkkupayBarrikady,баррикадная,22,http://ovdinfo.org/express-news/631
102,21.05.2012,не согласовано,Unauthorised,оккупай,Occupy,оккупай,Occupy,стихийная,Spontaneous,Лагерь Оккупайарбат,Camp OkkupayArbat,арбат,1,http://ovdinfo.org/express-news/633
103,22.05.2012,не согласовано,Unauthorised,активист,Activist,другое,Other,другое,Other,Задержание активистов,Activists arrested,баррикадная,1,http://ovdinfo.org/express-news/638
104,22.05.2012,не согласовано,Unauthorised,пикет,Picket,Против закона о митингах,Against the law on rallies,стихийная,Spontaneous,Пикет против закона о митингах,Picket against the law on rallies,госдума,6,http://ovdinfo.org/express-news/636
105,24.05.2012,не согласовано,Unauthorised,другое,Other,другое,Other,стихийная,Spontaneous,Прохожие у лагеря Оккупайарбат,Passers-by at the camp Okkupayarbat,арбат,5,http://ovdinfo.org/express-news/641
106,25.05.2012,не согласовано,Unauthorised,оккупай,Occupy,оккупай,Occupy,стихийная,Spontaneous,Задержание активистов,Activists arrested,чистые пруды,2,http://ovdinfo.org/express-news/643
107,27.05.2012,не согласовано,Unauthorised,митинг,Rally,ЛГБТ,LGBTQ,другое,Other,Гей-парад,Gay Pride,"мосгордума, мэрия",30,http://ovdinfo.org/express-news/649
108,27.05.2012,не согласовано,Unauthorised,оккупай,Occupy,оккупай,Occupy,стихийная,Spontaneous,Лагерь Оккупайарбат,Camp OkkupayArbat,арбат,3,"http://ovdinfo.org/express-news/647, http://ovdinfo.org/express-news/648"
109,27.05.2012,не согласовано,Unauthorised,оккупай,Occupy,оккупай,Occupy,стихийная,Spontaneous,Лагерь Оккупайарбат,Camp OkkupayArbat,арбат,39,"http://ovdinfo.org/express-news/655, http://ovdinfo.org/express-news/656, http://ovdinfo.org/express-news/657, http://ovdinfo.org/express-news/661"
111,28.05.2012,не согласовано,Unauthorised,другое,Other,Pussy Riot,Pussy Riot,стихийная,Spontaneous,Лагерь Оккупайсуд,Camp OkkupayCourt,,4,http://ovdinfo.org/express-news/668
110,28.05.2012,не согласовано,Unauthorised,пикет,Picket,политзеки,Political prisoners,стихийная,Spontaneous,#оккупаймур ,# Okkupaymur,петровка,10,"http://ovdinfo.org/express-news/673, http://ovdinfo.org/express-news/674"
112,29.05.2012,не согласовано,Unauthorised,одиночный пикет,One-person picket,антиПутин,anti-Putin,Другая Россия,Other Russia,"Одиночные агитационные пикеты ""Другой России""","One-person pickets, Other Russia",пушкинская,4,http://ovdinfo.org/express-news/682
113,29.05.2012,не согласовано,Unauthorised,пикет,Picket,политзеки,Political prisoners,стихийная,Spontaneous,#оккупаймур ,# Okkupaymur,петровка,4,http://ovdinfo.org/express-news/681
114,30.05.2012,не согласовано,Unauthorised,агитация,Agitation,антиПутин,anti-Putin,другое,Other,Раздача листовок,Leafleting,метро,1,http://ovdinfo.org/express-news/683
115,31.05.2012,не согласовано,Unauthorised,митинг,Rally,Стратегия-31,Strategy-31,Стратегия-31,Strategy-31,Стратегия-31,Strategy 31,Триумфальная,133,http://ovdinfo.org/article/zaderzhaniya-na-triumfalnoi-31-maya-2012
116,02.06.2012,не согласовано,Unauthorised,оккупай,Occupy,оккупай,Occupy,стихийная,Spontaneous,Лагерь Оккупайарбат,Camp OkkupayArbat,арбат,9,http://ovdinfo.org/express-news/711
117,02.06.2012,не согласовано,Unauthorised,оккупай,Occupy,оккупай,Occupy,стихийная,Spontaneous,Лагерь Оккупайабай,Camp OkkupayArbat,Чистопрудный бульвар,5,"http://ovdinfo.org/express-news/713, http://ovdinfo.org/express-news/715"
119,03.06.2012,согласовано,Authorised,пикет,Picket,антиПутин,anti-Putin,Другая Россия,Other Russia,"Пикет Другой России ""Россия без Путина""","Picket, Other Russia, ""Russia without Putin""",новокузнецкая,1,http://ovdinfo.org/express-news/722
118,03.06.2012,не согласовано,Unauthorised,агитация,Agitation,другое,Other,другое,Other,Раздача листовок,Leafleting,строгино,2,http://ovdinfo.org/express-news/719
120,04.06.2012,не согласовано,Unauthorised,агитация,Agitation,антиПутин,anti-Putin,другое,Other,Раздача листовок,Leafleting,метро ,1,http://ovdinfo.org/express-news/723
121,05.06.2012,не согласовано,Unauthorised,пикет,Picket,Против закона о митингах,Against the law on rallies,стихийная,Spontaneous,Пикет против принятия закона о митингах,Picket against the law on rallies,Госдума,72,"http://ovdinfo.org/express-news/729, http://ovdinfo.org/express-news/733, http://ovdinfo.org/express-news/731, http://ovdinfo.org/express-news/736, http://ovdinfo.org/express-news/735"
122,06.06.2012,не согласовано,Unauthorised,пикет,Picket,Против закона о митингах,Against the law on rallies,стихийная,Spontaneous,Пикет против принятия закона о митингах,Picket against the law on rallies,совфед,2,http://ovdinfo.org/express-news/743
123,06.06.2012,не согласовано,Unauthorised,прогулка,Stroll,Против закона о митингах,Against the law on rallies,стихийная,Spontaneous,Пикет против принятия закона о митингах,Picket against the law on rallies,Манежная,14,"http://ovdinfo.org/express-news/750, http://ovdinfo.org/express-news/751"
124,06.06.2012,не согласовано,Unauthorised,эколагерь,Eco-camp,экология,Environmental,Экологи,Environmentalists,Защита Химкинского леса,Khimki Forest defence,химки,6,"http://ovdinfo.org/express-news/745, http://ovdinfo.org/express-news/748"
125,07.06.2012,не согласовано,Unauthorised,пикет,Picket,Против закона о митингах,Against the law on rallies,стихийная,Spontaneous,Пикет против принятия закона о митингах,Picket against the law on rallies,Госдума,2,http://ovdinfo.org/express-news/760
126,09.06.2012,не согласовано,Unauthorised,пикет,Picket,политзеки,Political prisoners,стихийная,Spontaneous,#оккупаймур,# Okkupaymur,петровка,13,"http://ovdinfo.org/express-news/765, http://ovdinfo.org/express-news/770, http://ovdinfo.org/express-news/771"
127,11.06.2012,не согласовано,Unauthorised,агитация,Agitation,антиПутин,anti-Putin,другое,Other,Раздача листовок,Leafleting,метро проспект мира,2,http://ovdinfo.org/express-news/773
128,13.06.2012,не согласовано,Unauthorised,пикет,Picket,политзеки,Political prisoners,стихийная,Spontaneous,#оккупайск,# Okkupaysk,следственного Комитета,5,http://ovdinfo.org/express-news/777
129,16.06.2012,не согласовано,Unauthorised,пикет,Picket,другое,Other,другое,Other,Пикет против принятия закона о митингах,Picket against the law on rallies,Пушкинская,2,http://ovdinfo.org/express-news/788
130,16.06.2012,не согласовано,Unauthorised,пикет,Picket,политзеки,Political prisoners,стихийная,Spontaneous,#оккупайск,# OkkupaySK,следственного Комитета,17,"http://ovdinfo.org/express-news/780, http://ovdinfo.org/express-news/781, http://ovdinfo.org/express-news/782, http://ovdinfo.org/express-news/784, http://ovdinfo.org/express-news/785, http://ovdinfo.org/express-news/787"
131,17.06.2012,согласовано,Authorised,пикет,Picket,антиПутин,anti-Putin,Другая Россия,Other Russia,"Пикет Другой России ""Россия без Путина""","Picket, Other Russia, ""Russia without Putin""",новокузнецкая,6,http://ovdinfo.org/express-news/795
132,20.06.2012,не согласовано,Unauthorised,пикет,Picket,Pussy Riot,Pussy Riot,стихийная,Spontaneous,Пикет в поддержку Pussy Riot,Picket in support of Pussy Riot,таганский районный суд,19,http://ovdinfo.org/express-news/801
133,22.06.2012,согласовано,Authorised,пикет,Picket,антиПутин,anti-Putin,Другая Россия,Other Russia,"Пикет Другой России ""Россия без Путина""","Picket, Other Russia, ""Russia without Putin""",новокузнецкая,7,http://ovdinfo.org/express-news/803
134,24.06.2012,согласовано,Authorised,пикет,Picket,антиПутин,anti-Putin,Другая Россия,Other Russia,"Пикет Другой России ""Россия без Путина""","Picket, Other Russia, ""Russia without Putin""",новокузнецкая,1,http://ovdinfo.org/express-news/804
136,25.06.2012,не согласовано,Unauthorised,другое,Other,Pussy Riot,Pussy Riot,стихийная,Spontaneous,оккупайрайонный суд,Camp OkkupayCourt,таганский районный суд,4,http://www.ovdinfo.org/express-news/809
135,25.06.2012,не согласовано,Unauthorised,активист,Activist,другое,Other,другое,Other,Задержание активистов,Activists arrested,войковская,1,http://ovdinfo.org/express-news/806
137,26.06.2012,не согласовано,Unauthorised,активист,Activist,другое,Other,другое,Other,Задержание активистов,Activists arrested,,1,http://ovdinfo.org/express-news/810
138,29.06.2012,согласовано,Authorised,пикет,Picket,антиПутин,anti-Putin,Другая Россия,Other Russia,"Пикет Другой России ""Россия без Путина""","Picket, Other Russia, ""Russia without Putin""",новокузнецкая,6,http://ovdinfo.org/express-news/812
139,01.07.2012,не согласовано,Unauthorised,акция,Direct action,социальная,Social,Левый фронт,The Left Front,Задержание журналиста,Journalist arrested,Министерство образование,1,http://ovdinfo.org/express-news/814
140,04.07.2012,не согласовано,Unauthorised,пикет,Picket,Pussy Riot,Pussy Riot,стихийная,Spontaneous,Пикет в поддержку Pussy Riot,Picket in support of Pussy Riot,таганский районный суд,12,"http://www.ovdinfo.org/express-news/818, http://www.ovdinfo.org/express-news/819"
141,06.07.2012,согласовано,Authorised,пикет,Picket,антиПутин,anti-Putin,Другая Россия,Other Russia,"Пикет Другой России ""Россия без Путина""","Picket, Other Russia, ""Russia without Putin""",новокузнецкая,2,http://ovdinfo.org/express-news/821
142,07.07.2012,не согласовано,Unauthorised,марш,Marche,другое,Other,другое,Other,Монстрация,Monstration,,5,http://ovdinfo.org/express-news/823
143,13.07.2012,согласовано,Authorised,пикет,Picket,антиПутин,anti-Putin,Другая Россия,Other Russia,"Пикет Другой России ""Россия без Путина""","Picket, Other Russia, ""Russia without Putin""",новокузнецкая,8,"http://ovdinfo.org/express-news/825, http://ovdinfo.org/express-news/826"
144,16.07.2012,не согласовано,Unauthorised,одиночный пикет,One-person picket,антиПутин,anti-Putin,другое,Other,"Одиночный пикет ""Путин - источник опасности""","One-person picket, ""Putin - a source of danger""",железнодорожный,1,http://ovdinfo.org/express-news/832
145,16.07.2012,не согласовано,Unauthorised,пикет,Picket,политзеки,Political prisoners,Левый фронт,The Left Front,#оккупайск,#OkkupaySK,следственный комитет,4,http://ovdinfo.org/express-news/831
146,18.07.2012,не согласовано,Unauthorised,акция,Direct action,антиПутин,anti-Putin,Другая Россия,Other Russia,"Акция ""Другой России"" у Совета Федерации",Action by Other Russia by the Federation Council,Совет Федерации,2,http://ovdinfo.org/express-news/834
147,20.07.2012,не согласовано,Unauthorised,пикет,Picket,Pussy Riot,Pussy Riot,стихийная,Spontaneous,Пикет в поддержку Pussy Riot,Picket in support of Pussy Riot,Хамовнический суд,4,"http://www.ovdinfo.org/express-news/835, http://www.ovdinfo.org/express-news/836"
148,20.07.2012,согласовано,Authorised,пикет,Picket,антиПутин,anti-Putin,Другая Россия,Other Russia,"Пикет Другой России ""Россия без Путина""","Picket, Other Russia, ""Russia without Putin""",новокузнецкая,11,http://ovdinfo.org/express-news/838
149,21.07.2012,не согласовано,Unauthorised,одиночный пикет,One-person picket,антиПутин,anti-Putin,другое,Other,"Одиночный пикет ""Путин - источник опасности""","One-person picket, ""Putin - a source of danger""",железнодорожный,1,http://ovdinfo.org/express-news/842
150,23.07.2012,не согласовано,Unauthorised,пикет,Picket,Pussy Riot,Pussy Riot,стихийная,Spontaneous,Пикет в поддержку Pussy Riot,Picket in support of Pussy Riot,Хамовнический суд,3,http://www.ovdinfo.org/express-news/846
151,26.07.2012,согласовано,Authorised,митинг,Rally,политзеки,Political prisoners,Комитет 6 мая,The 6 May Committee,Митинг в поддержку узников 6 мая,Rally in support of May 6 prisoners,Новопушкинский сквер,1,http://ovdinfo.org/express-news/849
152,31.07.2012,не согласовано,Unauthorised,митинг,Rally,Стратегия-31,Strategy-31,Стратегия-31,Strategy-31,Стратегия-31,Strategy 31,Триумфальная,46,"http://ovdinfo.org/express-news/859, http://ovdinfo.org/article/triumfalnaya-ploshchad-31-iyulya-spisok-zaderzhannykh"
153,02.08.2012,не согласовано,Unauthorised,пикет,Picket,Pussy Riot,Pussy Riot,стихийная,Spontaneous,Пикет в поддержку Pussy Riot,Picket in support of Pussy Riot,Хамовнический суд,2,http://www.ovdinfo.org/express-news/867
154,03.08.2012,не согласовано,Unauthorised,пикет,Picket,Pussy Riot,Pussy Riot,стихийная,Spontaneous,Пикет в поддержку Pussy Riot,Picket in support of Pussy Riot,Хамовнический суд,10,"http://www.ovdinfo.org/express-news/874, http://www.ovdinfo.org/express-news/875"
155,05.08.2012,согласовано,Authorised,другое,Other,антиПутин,anti-Putin,другое,Other,"Задержание музыкантов группы ""Макулатура"" за антиправительственную песню",Makulatura band musicians arrested for anti-government song,Бауманский сад,2,http://ovdinfo.org/express-news/878
156,07.08.2012,не согласовано,Unauthorised,пикет,Picket,Pussy Riot,Pussy Riot,стихийная,Spontaneous,"Пикет в поддержку активиста, арестованного на акции в поддержку Pussy Riot",Picket in support of activist arrested at picket in support of Pussy Riot,ОВД Хамовники,1,http://www.ovdinfo.org/express-news/882
157,09.08.2012,не согласовано,Unauthorised,пикет,Picket,политзеки,Political prisoners,Левый фронт,The Left Front,#оккупайск,# Okkupaysk,следственный комитет,4,"http://ovdinfo.org/express-news/884, http://ovdinfo.org/express-news/885, http://ovdinfo.org/express-news/886"
158,10.08.2012,не согласовано,Unauthorised,прогулка\оккупай,Stroll/Occupy,другое,Other,стихийная,Spontaneous,День рождения Абая Кунанбаева,Birthday Abai Kunanbaev,Чистые пруды,1,http://www.ovdinfo.org/express-news/889
159,15.08.2012,не согласовано,Unauthorised,пикет,Picket,Pussy Riot,Pussy Riot,стихийная,Spontaneous,Пикет в поддержку Pussy Riot,Picket in support of Pussy Riot,ХХС,3,http://www.ovdinfo.org/express-news/891
160,17.08.2012,не согласовано,Unauthorised,акция,Direct action,Pussy Riot,Pussy Riot,стихийная,Spontaneous,"Акция защитников Pussy Riot ""Балаклаваград""","Pussy Riot solidarity action ""Balaklava city""",метро Белорусская,2,http://www.ovdinfo.org/express-news/895
161,17.08.2012,не согласовано,Unauthorised,пикет,Picket,Pussy Riot,Pussy Riot,стихийная,Spontaneous,акция защитников Pussy Riot,Action by Pussy Riot suporters,Хамовнический суд,94,http://www.ovdinfo.org/article/zaderzhaniya-u-suda-nad-pussy-riot-spisok
162,19.08.2012,не согласовано,Unauthorised,акция,Direct action,Pussy Riot,Pussy Riot,стихийная,Spontaneous,Задержание прохожих в балаклавах,Passers-by in balaclavas arrested,"Новый Арбат, Белый дом",2,"http://ovdinfo.org/express-news/923, http://ovdinfo.org/express-news/925"
163,23.08.2012,не согласовано,Unauthorised,пикет,Picket,политзеки,Political prisoners,Левый фронт,The Left Front,#оккупайск,# Okkupaysk,следственный комитет,8,"http://ovdinfo.org/express-news/928, http://ovdinfo.org/express-news/931"
164,25.08.2012,не согласовано,Unauthorised,акция,Direct action,Pussy Riot,Pussy Riot,стихийная,Spontaneous,"Акция защитников Pussy Riot ""Прогулка в балаклавах""","Pussy Riot solidarity action ""Balaclava stroll""",Памятник Пушкину,6,http://ovdinfo.org/express-news/932
165,26.08.2012,не согласовано,Unauthorised,активист,Activist,другое,Other,другое,Other,Задержание активистов,Activists arrested,,2,http://ovdinfo.org/express-news/933
166,30.08.2012,не согласовано,Unauthorised,пикет,Picket,политзеки,Political prisoners,Левый фронт,The Left Front,#оккупайск,# Okkupaysk,следственный комитет,2,http://ovdinfo.org/express-news/938
168,31.08.2012,не согласовано,Unauthorised,акция,Direct action,Стратегия-31,Strategy-31,Другая Россия,Other Russia,Стратегия-31,Strategy 31,мэрия,6,http://ovdinfo.org/express-news/939
167,31.08.2012,не согласовано,Unauthorised,митинг,Rally,Стратегия-31,Strategy-31,Стратегия-31,Strategy-31,Стратегия-31,Strategy 31,Триумфальная,36,http://ovdinfo.org/article/triumfalnaya-ploshchad-31-avgusta-spisok-zaderzhannykh
169,01.09.2012,не согласовано,Unauthorised,акция,Direct action,политзеки,Political prisoners,стихийная,Spontaneous,"""Балаклавинг""","""Balaklaving""",Арбатская,5,"http://ovdinfo.org/express-news/951, http://ovdinfo.org/express-news/952, http://ovdinfo.org/express-news/953"
170,01.09.2012,не согласовано,Unauthorised,одиночный пикет,One-person picket,политзеки,Political prisoners,стихийная,Spontaneous,Пикет в поддержку Таисии Осиповой,Rally in support of Taisiya Osipova,Смоленская,1,http://ovdinfo.org/express-news/950
171,02.09.2012,не согласовано,Unauthorised,другое,Other,Pussy Riot,Pussy Riot,стихийная,Spontaneous,оккупайрайонный суд,Camp OkkupayCourt,мосгоррайонный суд,3,http://ovdinfo.org/express-news/954
172,05.09.2012,не согласовано,Unauthorised,акция,Direct action,экология,Environmental,Экологи,Environmentalists,Акция Гринпис у штаб-квартиры Газпрома,Greenpeace action at Gazprom HQ,Академическая,10,http://ovdinfo.org/express-news/955
173,06.09.2012,не согласовано,Unauthorised,пикет,Picket,политзеки,Political prisoners,Левый фронт,The Left Front,#оккупайск,# Okkupaysk,следственный комитет,5,http://ovdinfo.org/express-news/956
174,08.09.2012,не согласовано,Unauthorised,акция,Direct action,политзеки,Political prisoners,стихийная,Spontaneous,"""Балаклавинг""","""Balaklaving""",Александровский сад,8,http://ovdinfo.org/express-news/963
175,12.09.2012,не согласовано,Unauthorised,пикет,Picket,политзеки,Political prisoners,Левый фронт,The Left Front,#оккупайск,# Okkupaysk,следственный комитет,1,http://ovdinfo.org/express-news/971
176,13.09.2012,не согласовано,Unauthorised,пикет,Picket,политзеки,Political prisoners,стихийная,Spontaneous,"Одиночные пикеты ""Свободу Таисии Осиповой!""","One-person pickets ""Freedom to Taisia ​​Osipova!""","м. Курская, Старый Арбат",2,http://ovdinfo.org/express-news/974
177,14.09.2012,не согласовано,Unauthorised,пикет,Picket,политзеки,Political prisoners,стихийная,Spontaneous,Против политических репрессий,Against political repression,МГУ,1,http://ovdinfo.org/express-news/976
178,15.09.2012,согласовано,Authorised,марш,Marche,антиПутин,anti-Putin,Оргкомитет протестных действий,Protest Actions Organizing Committee,Марш миллионов,March of Millions,проспект Сахарова,5,http://ovdinfo.org/express-news/980
180,16.09.2012,не согласовано,Unauthorised,прогулка,Stroll,антиПутин,anti-Putin,стихийная,Spontaneous,Прогулка после митинга Марш миллионов,Stroll after the rally March of the Millions,Чистые пруды,23,http://ovdinfo.org/express-news/981
179,16.09.2012,не согласовано,Unauthorised,одиночный пикет,One-person picket,политзеки,Political prisoners,стихийная,Spontaneous,"Одиночный пикет в поддержку ""узника 6 мая"" Степана Зимина",Pickets in support of 6 May prisoner Stepan Zimin,Арбат,2,http://ovdinfo.org/express-news/984
181,18.09.2012,не согласовано,Unauthorised,одиночный пикет,One-person picket,политзеки,Political prisoners,Другая Россия,Other Russia,"Одиночные пикеты ""Свободу Таисии Осиповой!""","Pickets ""Freedom to Taisia ​​Osipova!""",Арбат,3,http://ovdinfo.org/express-news/985
182,22.09.2012,не согласовано,Unauthorised,акция,Direct action,политзеки,Political prisoners,стихийная,Spontaneous,"""Балаклавинг""","""Balaklaving""",Александровский сад,8,http://ovdinfo.org/express-news/987
183,29.09.2012,не согласовано,Unauthorised,акция,Direct action,политзеки,Political prisoners,стихийная,Spontaneous,"""Прогулка свободы"", одиночный пикет ""Путин - вор""","""Freedom Stroll"", one-person picket ""Putin - a thief""",Китай-город,5,"http://ovdinfo.org/express-news/990, http://ovdinfo.org/express-news/991"
184,01.10.2012,не согласовано,Unauthorised,одиночный пикет,One-person picket,Pussy Riot,Pussy Riot,стихийная,Spontaneous,Поддержка задержанных у ОВД Преображенское,Supporters arrested at Preobrazhenskoye police station,Овд Приображенский,7,"http://ovdinfo.org/express-news/1003, http://ovdinfo.org/express-news/999"
185,03.10.2012,не согласовано,Unauthorised,акция,Direct action,антиПутин,anti-Putin,стихийная,Spontaneous,Задержание журналиста,Journalist arrested,площадь революции,1,http://ovdinfo.org/express-news/1006
186,04.10.2012,не согласовано,Unauthorised,акция,Direct action,антиПутин,anti-Putin,стихийная,Spontaneous,"Акция у Администрации президента ""Подарки Путину""","Action near the presidential administration ""Gifts to Putin""",Китай-город,5,http://ovdinfo.org/express-news/1007
187,06.10.2012,не согласовано,Unauthorised,агитация,Agitation,антиПутин,anti-Putin,стихийная,Spontaneous,"Раздача доклада ""Путин коррупция""","Distribution of the report ""Putin corruption""",Октябрьская,1,http://ovdinfo.org/express-news/1012
188,06.10.2012,не согласовано,Unauthorised,активист,Activist,антиПутин,anti-Putin,стихийная,Spontaneous,Задержание активистов,Activists arrested,Красная площадь,2,http://ovdinfo.org/express-news/1011
189,07.10.2012,не согласовано,Unauthorised,акция,Direct action,антиПутин,anti-Putin,стихийная,Spontaneous,"Акция ""Пора покарать диктатора Путлера""","Action ""It's time to punish the dictator""",Площадь революции,5,http://ovdinfo.org/express-news/1025
192,07.10.2012,не согласовано,Unauthorised,прогулка,Stroll,антиПутин,anti-Putin,стихийная,Spontaneous,Задержание активистов,Activists arrested,"Китай-город, Лубянка",17,"http://ovdinfo.org/express-news/1016, http://ovdinfo.org/express-news/1014, http://ovdinfo.org/express-news/1015"
190,07.10.2012,не согласовано,Unauthorised,пикет,Picket,политзеки,Political prisoners,стихийная,Spontaneous,Задержание активистов,Activists arrested,Овд Китай-город,2,http://ovdinfo.org/express-news/1027
191,07.10.2012,не согласовано,Unauthorised,прогулка,Stroll,политзеки,Political prisoners,стихийная,Spontaneous,"""Прогулка свободы""","""Freedom Stroll""",,10,http://ovdinfo.org/express-news/1022
193,09.10.2012,не согласовано,Unauthorised,пикет,Picket,другое,Other,стихийная,Spontaneous,Пикет слушателей Радио Свобода,Picket listeners of Radio Liberty,Новинский бульвар,1,http://ovdinfo.org/express-news/1032
194,11.10.2012,не согласовано,Unauthorised,акция,Direct action,политзеки,Political prisoners,стихийная,Spontaneous,Акция в поддержку узника 6 мая Владимира Акименкова,Action in support of 6 May prisoner Vladimir Akimenkov,Красная площадь,9,http://ovdinfo.org/express-news/1034
195,11.10.2012,не согласовано,Unauthorised,одиночный пикет,One-person picket,политзеки,Political prisoners,стихийная,Spontaneous,Задержание С.Кривова на #оккупайск,Arrest at #OkkupaySK,следственный комитет,1,http://ovdinfo.org/express-news/1036
196,12.10.2012,не согласовано,Unauthorised,агитация,Agitation,антиПутин,anti-Putin,Солидарность,Solidarity Movement,Задержания перед митингом в поддержку Евгении Чириковой,Arrests before rally in support of Eugene Chirikova,Химки,5,http://ovdinfo.org/express-news/1046
197,12.10.2012,не согласовано,Unauthorised,другое,Other,другое,Other,стихийная,Spontaneous,Задержание журналиста,Journalist arrested,Новая площадь,3,http://ovdinfo.org/express-news/1042
198,13.10.2012,не согласовано,Unauthorised,прогулка,Stroll,политзеки,Political prisoners,стихийная,Spontaneous,"""Прогулка свободы""","""Freedom Stroll""",Гостинный двор,1,http://ovdinfo.org/express-news/1048
199,15.10.2012,не согласовано,Unauthorised,агитация,Agitation,антиПутин,anti-Putin,Солидарность,Solidarity Movement,"Раздача доклада ""Жизнь раба на галерах""","Distribution of the brochure ""Living as a galley slave""",,1,http://ovdinfo.org/express-news/1052
200,16.10.2012,не согласовано,Unauthorised,пикет,Picket,политзеки,Political prisoners,стихийная,Spontaneous,Пикет в поддержку узника 6 мая Владимира Акименкова,Rally in support of the 6 May  prisoner Vladimir Akimenkov,Красная площадь,3,http://ovdinfo.org/express-news/1054
201,17.10.2012,не согласовано,Unauthorised,пикет,Picket,политзеки,Political prisoners,стихийная,Spontaneous,Пикет в поддержку Сергея Удальцова и Леонида Развозжаева,Rally in support of Sergei Udaltsov and Leonid Razvozzhaev,следственный комитет,2,http://ovdinfo.org/express-news/1057
202,23.10.2012,не согласовано,Unauthorised,пикет,Picket,политзеки,Political prisoners,стихийная,Spontaneous,"Пикет ""Против произвола ФСБ"" в поддержку Леонида Развозжаева","Picket ""against the tyranny of the FSB"" to support Leonida Razvozzhaev",Лубянка,3,http://ovdinfo.org/express-news/1059
203,24.10.2012,не согласовано,Unauthorised,акция,Direct action,другое,Other,Другая Россия,Other Russia,"Акция против ""китайской экспансии""","Action against ""Chinese expansion""",ул. Дружбы,6,http://ovdinfo.org/express-news/1062
205,27.10.2012,не согласовано,Unauthorised,прогулка,Stroll,политзеки,Political prisoners,Координационный совет,Coordination Council,"""Прогулка против репрессий""","""Stroll Against Repression""",,7,http://ovdinfo.org/express-news/1067
204,27.10.2012,не согласовано,Unauthorised,пикет,Picket,политзеки,Political prisoners,стихийная,Spontaneous,Пикет у ОВД Басманное в поддержку задержанных,Picket at ATS Basmannoe in support of detained,ОВД Басманное,4,http://ovdinfo.org/express-news/1070
206,30.10.2012,не согласовано,Unauthorised,акция,Direct action,Стратегия-31,Strategy-31,Другая Россия,Other Russia,Задержание активистов,Activists arrested,мэрия,8,http://ovdinfo.org/express-news/1078
207,31.10.2012,не согласовано,Unauthorised,митинг,Rally,Стратегия-31,Strategy-31,Стратегия-31,Strategy-31,Стратегия-31,Strategy 31,Триумфальная,12,http://ovdinfo.org/express-news/1083
208,04.11.2012,не согласовано,Unauthorised,акция,Direct action,антифа,Antifa,антифа,Antifa,"Акция Антифа по перекрытию Тверской ""Наш ответ репрессиям - солидарность""","Antifa action to block the Tverskaya Street ""Our response to repression is solidarity""",Тверская,6,http://ovdinfo.org/express-news/1093
209,16.11.2012,не согласовано,Unauthorised,акция,Direct action,политзеки,Political prisoners,стихийная,Spontaneous,"Вручение судье репродукции картины Герарда Давида ""Сдирание кожи с продажного судьи""","Handing a judge a copy of the painting by Gerard David ""skinning of a corrupt judge'",Замоскворецкий районный районный суд,2,http://ovdinfo.org/express-news/1100
210,24.11.2012,не согласовано,Unauthorised,одиночный пикет,One-person picket,политзеки,Political prisoners,стихийная,Spontaneous,"Серия одиночных пикетов в поддержку политзаключенных ""Завтра придут за тобой""","A series of one-person pickets in support of political prisoners, ""Tomorrow they will come for you""","Тверская, Красная площадь",3,"http://ovdinfo.org/express-news/1103, http://ovdinfo.org/express-news/1102,"
211,25.11.2012,не согласовано,Unauthorised,акция,Direct action,антиПутин,anti-Putin,другое,Other,Посещение памятника жертвам политических репрессий в лесу под городом Троицк,Visit to the monument to victims of political repression in the woods near Troitsk,г.Троицк,1,http://ovdinfo.org/express-news/1106
212,26.11.2012,не согласовано,Unauthorised,пикет,Picket,политзеки,Political prisoners,стихийная,Spontaneous,Пикет в поддержку заключенных ИК-6 в Копейске,Rally in support of prisoners at IR-6 Kopeisk,Житная,16,"http://ovdinfo.org/express-news/1107, http://ovdinfo.org/express-news/1108"
213,28.11.2012,не согласовано,Unauthorised,активист,Activist,антиПутин,anti-Putin,Другая Россия,Other Russia,Задержание активистов,Activists arrested,м. Октябрьская,5,http://ovdinfo.org/express-news/1114
214,29.11.2012,не согласовано,Unauthorised,акция,Direct action,политзеки,Political prisoners,стихийная,Spontaneous,"Вывешивание плаката  ""СК ЭТО ГЕСТАПО"" напротив СК","Hanging poster ""SK is gestapo"" against SK (Investigative Committee)",Басманная,3,http://ovdinfo.org/express-news/1116
215,05.12.2012,не согласовано,Unauthorised,активист,Activist,другое,Other,другое,Other,Годовщина митинга 5 декабря 2011,"Anniversary of the rally on December 5, 2011",Чистые пруды,2,http://ovdinfo.org/express-news/1120
216,11.12.2012,не согласовано,Unauthorised,акция,Direct action,политзеки,Political prisoners,Другая Россия,Other Russia,"Акция ""Другой России"" в годовщину столкновений на Манежной, в поддержку заключенным соратникам","Other Russia action on the anniversary of clashes on Manezh Square, in support of imprisoned comrades",Манежная площадь,1,http://ovdinfo.org/express-news/1133
217,12.12.2012,не согласовано,Unauthorised,акция,Direct action,политзеки,Political prisoners,другое,Other,Акция левых активистов с требованием освободить своих товарищей,Action by left activists demanding the release of their comrades,Следственный комитет,2,http://ovdinfo.org/express-news/1135
218,13.12.2012,не согласовано,Unauthorised,другое,Other,другое,Other,другое,Other,"Задержание активистов, защищающих мойку Михаила Вистицкого)",Activists arrested defending Michael Vistitsky's car wash,Новочеремушкинская ул,2,http://ovdinfo.org/express-news/1136
219,15.12.2012,не согласовано,Unauthorised,митинг,Rally,политзеки,Political prisoners,Координационный совет,Coordination Council,Марш Свободы,Freedom March,Сквер у Соловецкого камня,69,http://ovdinfo.org/article/spisok-zaderzhannykh-15-dekabrya
220,18.12.2012,не согласовано,Unauthorised,акция,Direct action,политзеки,Political prisoners,Другая Россия,Other Russia,"Акция на съезде районный судей - ""Свободной России независимый районный суд!""","Action at Congress of district judges - ""Free Russia, independent district courts!""", Колонный зал дома Союзов,6,http://ovdinfo.org/express-news/1166
221,19.12.2012,не согласовано,Unauthorised,акция,Direct action,ЛГБТ,LGBTQ,другое,Other,День поцелуев,Day of Kisses,Госдума,18,http://ovdinfo.org/express-news/1172
222,19.12.2012,не согласовано,Unauthorised,пикет,Picket,Против антимагнитского закона,Against the anti-Magnitsky Law,стихийная,Spontaneous,Пикет против принятия законопроекта о запрете усыновления детей гражданами США,Rally against the bill to ban adoptions by U.S. citizens,Госдума,13,http://ovdinfo.org/express-news/1171
223,22.12.2012,не согласовано,Unauthorised,акция,Direct action,Против антимагнитского закона,Against the anti-Magnitsky Law,другое,Other,Один против Госдумы ,One against the State Duma,Госдума,1,http://ovdinfo.org/express-news/1189
224,26.12.2012,не согласовано,Unauthorised,пикет,Picket,Против антимагнитского закона,Against the anti-Magnitsky Law,стихийная,Spontaneous,Пикетирование Совета Федерации против антимагнитского закона,Picketing of the Council of Federation on Anti-Magnitsky law,Совет Федерации,15,"http://ovdinfo.org/express-news/1192, http://ovdinfo.org/express-news/1194"
225,28.12.2012,не согласовано,Unauthorised,другое,Other,другое,Other,другое,Other,"Задержание активистов, защищающих мойку Михаила Вистицкого)",Activists arrested defending Michael Vistitsky's car wash,,2,"http://ovdinfo.org/express-news/1199, http://ovdinfo.org/express-news/1200"
226,29.12.2012,не согласовано,Unauthorised,другое,Other,другое,Other,другое,Other,"Задержание активистов, защищающих мойку Михаила Вистицкого)",Activists arrested defending Michael Vistitsky's car wash,,4,"http://ovdinfo.org/express-news/1203, http://ovdinfo.org/express-news/1204"
227,31.12.2012,не согласовано,Unauthorised,другое,Other,антиПутин,anti-Putin,другое,Other,"Задержание за выкрики ""Россия без Путина""","Arrest for shouting ""Russia without Putin""",Ленинградский вокзал,2,http://ovdinfo.org/express-news/1215
228,31.12.2012,не согласовано,Unauthorised,митинг,Rally,Стратегия-31,Strategy-31,Стратегия-31,Strategy-31,Стратегия-31,Strategy 31,Триумфальная площадь,28,"http://ovdinfo.org/express-news/1205, http://ovdinfo.org/express-news/1211, http://ovdinfo.org/express-news/1216"