Id,date,region,agreement,agreement_eng,event_type,event_type_eng,subject,subject_eng,organizer,organizer_eng,description,description_eng,ovd,place,number_of_detentions,links
1,12.01.2013,Москва,не согласовано,Unauthorised,акция,Direct action,социальная,Social,другое,Other,Акция против строительства Северо-Западной хорды,The protest against the construction of the Northwest chords,ОВД Тверское,"Тверская, 14",5,http://ovdinfo.org/express-news/1224
2,12.01.2013,Москва,не согласовано,Unauthorised,агитация,Agitation,Против антимагнитского закона,Against the anti-Magnitsky Law,стихийная,Spontaneous,"Раздача листовок с призывом выйти на ""Марш против подлецов""","Сalling for the ""March against scoundrels""",Линейный отдел полиции на станции метро Юго-Западная,м. Юго-Западная,1,http://ovdinfo.org/express-news/1226
3,14.01.2013,Москва,не согласовано,Unauthorised,другое,Other,экология,Environmental,другое,Other,Защита Селятинского леса,Protecting Selyatino forest,Селятинский отдел полиции,Селятино,1,http://ovdinfo.org/express-news/1228
4,15.01.2013,Москва,не согласовано,Unauthorised,одиночный пикет,One-person picket,политзеки,Political prisoners,стихийная,Spontaneous,Акция в честь двухлетия Следственного комитета,The campaign in honor of the Investigative Committee's biennium,ОВД Басманное,"Газетный  пер, 6",3,http://ovdinfo.org/express-news/1233
5,18.01.2013,Москва,не согласовано,Unauthorised,другое,Other,социальная,Social,антифа,Antifa,Мосшелк: защита общежития,Mosshelk: dorm's protection ,ОВД Хамовники,"Б.Саввинский переулок дом 12, стр 18",3,http://ovdinfo.org/express-news/1235
6,19.01.2013,Москва,не согласовано,Unauthorised,другое,Other,социальная,Social,антифа,Antifa,Мосшелк: защита общежития,Mosshelk: dorm's protection ,ОВД Хамовники,"Б.Саввинский переулок дом 12, стр 18",39,http://ovdinfo.org/express-news/1240
7,20.01.2013,Москва,не согласовано,Unauthorised,одиночный пикет,One-person picket,другое,Other,другое,Other,Пикет против секретаря Координационного совета,Protest against the Secretary of the Coordinating Council,Отдел полиции по обслуживанию гостиницы Измайлово,гостиница Измайлово,1,http://ovdinfo.org/express-news/1244
8,22.01.2013,Москва,не согласовано,Unauthorised,активист,Activist,другое,Other,активист,Activist,Конлифкт с судебными приставами,Conflict with bailiffs,Тверской районный суд,Тверской районный суд,1,"http://ovdinfo.org/express-news/1253, http://ovdinfo.org/express-news/1255"
9,22.01.2013,Москва,не согласовано,Unauthorised,активист,Activist,другое,Other,активист,Activist,Задержание Дениса Билунова в кафе,Denis Bilunov's arresting in a care,ОВД Басманное,ул. Покровка,3,http://ovdinfo.org/express-news/1256
10,22.01.2013,Москва,согласовано,Authorised,пикет,Picket,политзеки,Political prisoners,другое,Other, Пикет в поддержку Сергея Кривова,Picket in support of Sergei Krivova,ОВД Пресненсикй,"около метро ""1905 года""",1,http://ovdinfo.org/express-news/1258
11,23.01.2013,Москва,не согласовано,Unauthorised,акция,Direct action,другое,Other,Другая Россия,Other Russia,"Акция ""Кровь Долматова на вас"" у голландского посольства","""Dolmatov's blood on you"" at the Dutch embassy",ОВД Пресненсикй, у посольство Королевства Нидерландов,8,http://ovdinfo.org/express-news/1264
12,25.01.2013,Москва,не согласовано,Unauthorised,пикет,Picket,ЛГБТ,LGBTQ,стихийная,Spontaneous,"Пикет против законопроекта о ""пропаганде гомосексуализма""",Protest against the anti-gomosexual propagada bill,ОВД Тверское,Охотный ряд,20,http://ovdinfo.org/express-news/1266
13,26.01.2013,Москва,не согласовано,Unauthorised,акция,Direct action,политзеки,Political prisoners,другое,Other,Пробежка в поддержку Сергея Кривова,Jogging in support of Sergei Krivov,ОВД Басманное,Чистые пруды,8,http://ovdinfo.org/express-news/1270
14,29.01.2013,Москва,не согласовано,Unauthorised,активист,Activist,другое,Other,активист,Activist,Задержание активиста на улице,Activist arrested on a street,ОВД Котловка,"ул. Ремизова, 13",1,http://ovdinfo.org/express-news/1272
15,30.01.2013,Москва,не согласовано,Unauthorised,акция,Direct action,экология,Environmental,другое,Other,Задержание экоактивистки Татьяны Павловой,Environmentalist Tatiatna Pavlova arrest,Селятинский отдел полиции,Селятино,1,http://ovdinfo.org/express-news/1274
16,31.01.2013,Москва,не согласовано,Unauthorised,другое,Other,социальная,Social,ДОМ,Other,Визит активистов в департамент жилищной политики,Activists visit the Department of Housing Policy,ОВД Пресненсикй,"Газетный пер., 1/12",7,http://ovdinfo.org/express-news/1279
17,31.01.2013,Москва,не согласовано,Unauthorised,митинг,Rally,Стратегия-31,Strategy-31,Стратегия-31,Strategy-31,"Акция ""Стратегия-31"" на Триумфальной",Strategy-31,"ОВД Красносельское, ОВД Басманное, ОВД Замоскворечье",Триумфальная площадь,26,http://ovdinfo.org/express-news/1288
18,09.02.2013,Москва,не согласовано,Unauthorised,активист,Activist,политзеки,Political prisoners,активист,Activist,Судебное слушание по изменению меры пресечения Сергею Удальцову,The court trial on changing Sergei Udaltsov's measure of restraint ,ОВД Красносельское ,Басманный суд,1,http://ovdinfo.org/express-news/1295
19,10.02.2013,Москва,не согласовано,Unauthorised,активист,Activist,другое,Other,активист,Activist,Доставлению с целью допроса по Болотному делу,Arrest for questioning on Bolotnaya's Case,ОВД Митино,Митино,1,http://ovdinfo.org/express-news/1299
20,13.02.2013,Москва,не согласовано,Unauthorised,акция,Direct action,социальная,Social,ОГФ,OGF,"Акция ""Похороны российкого образования""","""The deat of Russian education systme"" action",ОВД Тверское,около министерства образования,3,http://ovdinfo.org/express-news/1304
21,16.02.2013,Москва,не согласовано,Unauthorised,пикет,Picket,политзеки,Political prisoners,стихийная,Spontaneous,День рождения Сергея Удальцова,Sergey Udaltsov's birthday,ОВД Нагатинский затон,у дома Удальцова,17,http://ovdinfo.org/express-news/1310
22,21.02.2013,Москва,не согласовано,Unauthorised,акция,Direct action,политзеки,Pussy Riot,другое,Other,Годовщина акции Pussy Riot,The anniversary of  Pussy Riot action,ОВД Хамовники,ХХС,2,http://ovdinfo.org/express-news/1312
23,28.02.2013,Москва,не согласовано,Unauthorised,агитация,Agitation,социальная,Social,другое,Other,Призыв прийти на Социальный марш,The call to come to the Social March,ОВД Войковский,метро войковская,1,http://ovdinfo.org/express-news/1316
24,02.03.2013,Москва,не согласовано,Unauthorised,одиночный пикет,One-person picket,Против антимагнитского закона,Against the anti-Magnitsky Law,другое,Other,"Задержания у входа на марша ""В защиту детей""","Detention at the entrance to the march ""in the protection of children""",ОВД Хамовники, Гоголевский бульвар,2,http://ovdinfo.org/express-news/1317
25,04.03.2013,Москва,не согласовано,Unauthorised,акция,Direct action,антиПутин,anti-Putin,другое,Other,"Акция ""Долой царя Путина""","""Down with the king of Putin"" action",ОВД Китай город,Иверские ворота,3,http://ovdinfo.org/express-news/1318
26,05.03.2013,Москва,не согласовано,Unauthorised,акция,Direct action,социальная,Social,антифа,Other,"Акция в поддержку общежития ""Мосшелк""",Mosshelk: dorm's protection ,ОВД Хамовники,мосшелк,2,http://ovdinfo.org/express-news/1321
27,07.03.2013,Москва,не согласовано,Unauthorised,акция,Direct action,социальная,Other,другое,Other,Задержание Вадима Коровина за демонтаж незаконных парковочных столбиков,Vadim Korovin detention for the dismantling of illegal parking columns,ОВД Тверской,генпрокуратура,1,http://ovdinfo.org/express-news/1323
28,08.03.2013,Москва,согласовано,Authorised,митинг,Rally,социальная,Social,другое,Other,"Задержания на митинге ""Феминизм это освобождение""","Detentions at the rally ""Feminism is the liberation""","ОВД Тверское, ОВД Краснопресненское",Новопушкинский сквер,24,http://ovdinfo.org/express-news/1331
29,08.03.2013,Москва,не согласовано,Unauthorised,одиночный пикет,One-person picket,политзеки,Pussy Riot,стихийная,Spontaneous,Пикет в поддержку Pussy Riot,Picket in support of Pussy Riot,ОВД Якиманка,Калужская площадь,5,http://ovdinfo.org/express-news/1325
30,09.03.2013,Москва,не согласовано,Unauthorised,пикет,Picket,антиПутин,anti-Putin,другое,Other,Пикет у мэрии Москвы против уничтожения исторических зданий и Путина,Picket at the Moscow mayor's office against the destruction of historic buildings and Putin,ОВД Тверское,около Мэрии Москвы,2,http://ovdinfo.org/express-news/1336
31,09.03.2013,Москва,не согласовано,Unauthorised,одиночный пикет,One-person picket,другое,Other,другое,Other,Пикет с призывом  вывода войск из Абхазии и Южной Осетии,Picket calling for the withdrawal of troops from Abkhazia and South Ossetia,ОВД Китай город,Александровский сад,1,http://ovdinfo.org/express-news/1337
32,16.03.2013,Москва,не согласовано,Unauthorised,активист,Activist,другое,Other,активист,Activist,Допрос активистов,Arrest for questioning ,ЛОВД на ст.м.Цветной бульвар,Цветной бульвар,2,http://ovdinfo.org/express-news/1346
33,18.03.2013,Москва,не согласовано,Unauthorised,акция,Direct action,социальная,Social,другое,Other,"Акция ""Идите на х.й со своей регистрацией""","""F**k off with your registration"" action","ОВД Якиманка, ОВД Китай-город, ОВД Замоскворечье",Красная площадь,15,http://ovdinfo.org/express-news/1349
34,21.03.2013,Москва,не согласовано,Unauthorised,активист,Activist,другое,Other,активист,Activist,Задержание активиста под предлогом подозрения в уголовном преступлении,Arrests of activists bacause of suspection on criminal offense,автозак??,Около м.Площадь Ильича,1,http://ovdinfo.org/express-news/1367
35,21.03.2013,Москва,не согласовано,Unauthorised,акция,Direct action,другое,Other,Другая Россия,Other Russia,Акция ОккупайЦентробанк,OccupayTsentrobank action,ОВД Мещанское,"около Центрабанка, Неглинная, 12",10,http://ovdinfo.org/express-news/1365
36,24.03.2013,Москва,не согласовано,Unauthorised,прогулка,Stroll,политзеки,Political prisoners,стихийная,Spontaneous,"Прогулки в поддержку ""узников 6 мая""","Walking in support of ""May 6"" prisoners","ОВД Китай-город, ОВД Тверское",Александровский сад,9,http://ovdinfo.org/express-news/1370
37,25.03.2013,Москва,не согласовано,Unauthorised,одиночный пикет,One-person picket,политзеки,Political prisoners,другое,Other,Пикет в поддержку раннее арестованных активистов,Picket in support of the arrested ctivists ,ОВД Китай-город ,Красная площадь,1,http://ovdinfo.org/express-news/1375
38,30.03.2013,Москва,не согласовано,Unauthorised,одиночный пикет,One-person picket,социальная,Social,ДОМ,Other,Пикет Движения общежитий москвы,Moscow Dorm Movement picket,ОВД Мещанское,Манежная площадь,1,http://ovdinfo.org/express-news/1382
39,30.03.2013,Москва,не согласовано,Unauthorised,прогулка,Stroll,политзеки,Political prisoners,стихийная,Spontaneous,"Прогулки в поддержку ""узников 6 мая""","Walking in support of ""May 6"" prisoners",ОВД Мещанское,Манежная площадь,12,http://ovdinfo.org/express-news/1382
40,31.03.2013,Москва,не согласовано,Unauthorised,другое,Other,выборы,For fair elections,другое,Other,Задержание наблюдателей в Жуковском,The detention of observers in Zhukovsky,ОВД Жуковский,Жуковский,2,"http://ovdinfo.org/express-news/1385 , http://ovdinfo.org/express-news/1384"
41,31.03.2013,Москва,не согласовано,Unauthorised,митинг,Rally,Стратегия-31,Strategy-31,Стратегия-31,Strategy-31,"Акция ""Стратегия-31"" на Триумфальной",Strategy-31,ОВД Тверское,Триумфальная площадь,3,http://ovdinfo.org/article/strategiya-31-zaderzhanii-vse-menshe
42,02.04.2013,Москва,не согласовано,Unauthorised,акция,Direct action,экология,Environmental,Гринпис,Greenpeace,"акция ""Арктика не продается"" на Москве-реке",,ОВД Якиманка,Москва-река,1,http://www.ovdinfo.org/express-news/1390
43,03.04.2013,Москва,не согласовано,Unauthorised,пикет,Picket,социальная,Social,стихийная,Spontaneous,"Мосшелк: защита общежития, одиночные пикеты",,ОВД Хамовники,"Б.Саввинский переулок дом 12, стр 18",3,http://www.ovdinfo.org/express-news/1391
44,13.04.2013,Москва,не согласовано,Unauthorised,прогулка,Stroll,политзеки,Political prisoners,стихийная,Spontaneous,"прогулка в поддержку ""узников 6 мая""",,ОВД Китай-Город,Красная площадь,8,http://www.ovdinfo.org/express-news/1397
45,16.04.2013,Москва,не согласовано,Unauthorised,прогулка,Stroll,активист,Activist,стихийная,Spontaneous,активистов задержали возле Красной площади под неопределенным предлогом,,ОВД Китай-Город,Красная площадь,3,http://www.ovdinfo.org/express-news/1399
46,17.04.2013,Москва,не согласовано,Unauthorised,акция,Direct action,политзеки,Political prisoners,Солидарность,Solidarity Movement,баннер в поддержку Анастасии Рыбаченко,,ОВД Хамовники,Большой Каменный мост,3,http://www.ovdinfo.org/express-news/1400
47,20.04.2013,Москва,не согласовано,Unauthorised,другое,,политзеки,Political prisoners,стихийная,Spontaneous,"Автопробег ""Белое кольцо за Алексея Навального"" по Садовому кольцу",,ОВД Мещанское,"Садовое кольцо, Сухаревская",1,http://www.ovdinfo.org/express-news/1402
48,20.04.2013,Москва,не согласовано,Unauthorised,прогулка,Stroll,политзеки,Political prisoners,стихийная,Spontaneous,"прогулка в поддержку ""узников 6 мая""",,ОВД Тверское,Красная площадь,24,http://www.ovdinfo.org/express-news/1406
49,24.04.2013,Москва,не согласовано,Unauthorised,акция,Direct action,политзеки,Political prisoners,Левый фронт,,акция  в поддержку Сергея Удальцова с баннером и файерами у администрации президента,,ОВД Китай-Город,Новая площадь,3,http://www.ovdinfo.org/express-news/1408
50,26.04.2013,Москва,не согласовано,Unauthorised,акция,Direct action,социальная,Social,другое,Other,акция «Запрещаем крушить историческую Москву» у собора Василия Блаженного - с баннером,,ОВД Китай-город,Красная площадь,3,http://www.ovdinfo.org/express-news/1409
51,27.04.2013,Москва,не согласовано,Unauthorised,прогулка,Stroll,политзеки,Political prisoners,стихийная,Spontaneous,"прогулка в поддержку ""узников 6 мая""",,"ОВД Китай-город
ОВД Якиманка
ОВД Замоскворечье",Красная площадь,27,http://www.ovdinfo.org/express-news/1411
52,02.05.2013,Москва,не согласовано,Unauthorised,пикет,Picket,политзеки,Political prisoners,стихийная,Spontaneous,"серия одиночных пикетов, посвященных прелстоящему митингу на Болотной площади 6 мая",,ОВД Китай-город,Манежная площадь,4,http://www.ovdinfo.org/express-news/1427
53,03.05.2013,Москва,не согласовано,Unauthorised,агитация,Agitation,активист,Activist,активист,Activist,активистка задержана на улице из-за листовки на сумке с призывом приходить на марш 6 мая,,ОВД Марьинский парк,"Новомарьинская ул., 7",1,http://www.ovdinfo.org/express-news/1430
54,05.05.2013,Москва,не согласовано,Unauthorised,одиночный пикет,One-person picket,антиПутин,anti-Putin,другое,Other,задержание активиста во время одиночного пикета на Красной площади,,ОВД Китай-город,Красная площадь,1,http://www.ovdinfo.org/express-news/1433
55,06.05.2013,Москва,не согласовано,Unauthorised,акция,Direct action,политзеки,Political prisoners,другое,Other, журналист задержан во время съемки баннера  ,,ОВД Арбат,Новый Арбат,1,http://www.ovdinfo.org/express-news/1434
56,08.05.2013,Москва,не согласовано,Unauthorised,акция,Direct action,антиПутин,anti-Putin,стихийная,Spontaneous,акция #ПутинПiдрахуй или #ОккупайГорький,,ОВД Якиманка,Парк Культуры,13,http://www.ovdinfo.org/express-news/1449
57,09.05.2013,Москва,не согласовано,Unauthorised,пикет,Picket,антифа,Antifa,антифа,Antifa,серия одиночных пикетов с плакатами в поддержку антифашстского движения,,ОВД Якиманка,Парк Культуры,9,http://www.ovdinfo.org/express-news/1460
58,09.05.2013,Москва,не согласовано,Unauthorised,акция,Direct action,антифа,Antifa,другое,Other,"активисты перекрыли Тверскую улицу банером ""Смерть кремлевским оккупантам"" и зажгли файеры",,ОВД Тверское,Тверская,12,http://www.ovdinfo.org/express-news/1459
59,09.05.2013,Москва,не согласовано,Unauthorised,прогулка,Stroll,антиПутин,anti-Putin,стихийная,Spontaneous,гуляния по Чистопрудному бульвару в годовщину акции «Оккупай Абай» ,,ОВД Басманное,Чистые пруды,19,http://www.ovdinfo.org/express-news/1456
60,11.05.2013,Москва,не согласовано,Unauthorised,другое,Other,политзеки,Political prisoners,стихийная,Spontaneous,велопробег в поддержку Алексея Гаскарова ,,ОВД Мещанское ,Трубная площадь,9,http://www.ovdinfo.org/express-news/1472
61,15.05.2013,Москва,не согласовано,Unauthorised,оккупай,,социальная,Social,стихийная,Spontaneous,акция ОккупайМэрия,,ОВД Тверское,"Тверская, 13",3,http://www.ovdinfo.org/express-news/1480
62,24.05.2013,Москва,не согласовано,Unauthorised,активист,Activist,активист,Activist,активист,Activist,координатор ФАР задержан после отказа уступить дорогу машине замминистра МВД,,ОВД Барвиха,Рублевско-Успенское шоссе,1,http://www.ovdinfo.org/express-news/1492
63,25.05.2013,Москва,не согласовано,Unauthorised,митинг,Rally,ЛГБТ,LGBTQ,другое,Other,"""Радужный митинг"" в ""гайд-парке""",,ОВД Якиманка,Парк Культуры,7,http://www.ovdinfo.org/express-news/1497
64,25.05.2013,Москва,не согласовано,Unauthorised,пикет,Picket,ЛГБТ,LGBTQ,стихийная,Spontaneous,акции в поддержку ЛГБТ у Госдумы,,"ОВД Тверское
ОВД Таганское",Охотный ряд,31,http://www.ovdinfo.org/express-news/1496
65,26.05.2013,Москва,не согласовано,Unauthorised,прогулка,Stroll,антиПутин,anti-Putin,стихийная,Spontaneous,"""Белое дефиле""",,"ОВД Китай-город
ОВД Таганское",Красная площадь,21,http://www.ovdinfo.org/express-news/1501
66,27.05.2013,Москва,не согласовано,Unauthorised,пикет,Picket,ЛГБТ,LGBTQ,стихийная,Spontaneous,серия пикетов у зданий Мосгордумы и мэрии Москвы,,,у зданий Мосгордумы и мэрии Москвы,40,http://lenta.ru/news/2012/05/27/detained
67,30.05.2013,Москва,не согласовано,Unauthorised,пикет,Picket,социальная,Social,другое,Other,"акция голодающих многодетных матерей у офиса ""Единой России""",,ОВД Мещанское,Переяславский переулок,4,http://www.ovdinfo.org/express-news/1508
68,30.05.2013,Москва,не согласовано,Unauthorised,пикет,Picket,социальная,Social,другое,Other,"повторная акция голодающих многодетных матерей у офиса ""Единой России""",,ОВД Мещанское,Переяславский переулок,4,http://www.ovdinfo.org/express-news/1510
69,31.05.2013,Москва,не согласовано,Unauthorised,митинг,Rally,Стратегия-31,Strategy-31,Стратегия-31,Strategy-31,"Акция ""Стратегия-31"" на Триумфальной",,"ОВД Тверское
ОВД Замоскворечье",Триумфальная площадь,14,http://www.ovdinfo.org/express-news/1515
70,06.06.2013,Москва,не согласовано,Unauthorised,пикет,Picket,социальная,Social,Общественная коалиция в защиту Москвы,, акция против сноса дома Прошиных,, ОВД Тверское,"2-я Тверская-Ямская, 37",6,http://www.ovdinfo.org/express-news/1523
71,10.06.2013,Москва,не согласовано,Unauthorised,агитация,Agitation,антиПутин,anti-Putin,другое,Other,одиночный пикет и раздача листовокс призывом приходить на шествие 12 июня ,,ОВД Арбат,Арбат,1,http://www.ovdinfo.org/express-news/1528
72,11.06.2013,Москва,не согласовано,Unauthorised,акция,Direct action,ЛГБТ,LGBTQ,другое,Other,"""День поцелуев"" у здания Госдумы, приуроченный к принятию во втором и третьем чтении закона о запрете ""пропаганды гомосексуализма""",,"ОВД Тверское
ОВД Басманное",Охотный ряд,34,http://www.ovdinfo.org/express-news/1530
73,12.06.2013,Москва,не согласовано,Unauthorised,акция,Direct action,ЛГБТ,LGBTQ,другое,Other,"ЛГБТ-активисты повесили на мосту баннер ""Россия для всех"" и зажгли файеры",,ОВД Китай-Город,Большой Москворецкий мост,2,http://www.ovdinfo.org/express-news/1546
74,12.06.2013,Москва,согласовано,Authorised,марш,,политзеки,Political prisoners,Координационный совет,,"участники ""Марш против палачей"" задержаны за символику ""Левого фронта"", деятельность которого временно приостановлена",,ОВД Якиманка,Якиманка,10,http://www.ovdinfo.org/express-news/1539
75,18.06.2013,Москва,не согласовано,Unauthorised,агитация,Agitation,активист,Activist,другое,Other,активист задержан за расклейку листовок,,ОВД Пресненское,"ул. Литвина-Седого, 3А,",1,http://www.ovdinfo.org/express-news/1550
76,19.06.2013,Москва,не согласовано,Unauthorised,акция,Direct action,другое,Other,Другая Россия,Other Russia,"акция у посольства Японии с баннером ""Хоккайдо - русский остров"" и приковыванием",,ОВД Красносельское,Грохольский переулок,4,http://www.ovdinfo.org/express-news/1551
77,23.06.2013,Москва,не согласовано,Unauthorised,пикет,Picket,другое,Other,стихийная,Spontaneous,"штурм офиса организации ""За права человека""",,ОВД Пресненское,"Малый Кисловский переулок, 7",5,http://www.ovdinfo.org/express-news/1557
78,24.06.2013,Москва,не согласовано,Unauthorised,активист,Activist,активист,Activist,активист,Activist,"активист задержан на Красной площади по дороге к офису организации ""За права человека""",, ОВД «Китай-город»,Красная площадь,1,http://www.ovdinfo.org/article/budni-karatelnoi-psikhiatrii
79,25.06.2013,Москва,не согласовано,Unauthorised,пикет,Picket,социальная,Social,Архнадзор,, акция против сноса дома Волконских,,ОВД Арбат,"Воздвиженка, 9",4,http://www.ovdinfo.org/express-news/1559
80,25.06.2013,Москва,не согласовано,Unauthorised,пикет,Picket,политзеки,Political prisoners,другое,Other,"акция у посольства Украины ""С Дона выдачи нет, а с Днепра?"" против выдачи политэмигрантов с территории Украины",,ОВД Пресненское,Леонтьевский переулок,2,http://www.ovdinfo.org/express-news/1561
81,26.06.2013,Москва,не согласовано,Unauthorised,прогулка,Stroll,политзеки,Political prisoners,стихийная,Spontaneous,акция в поддержку Михаила Ходорковского,,"ОВД Арбат
ОВД Замоскворечье
ОВД Тверское
ОВД Хамовники
ОВД Якиманка",Арбат,46,http://www.ovdinfo.org/express-news/1564
82,02.07.2013,Москва,не согласовано,Unauthorised,акция,Direct action,ЛГБТ,LGBTQ,другое,Other,ЛГБТ-Акция у администрации президента,,ОВД Китай-город,у Администрации президента,4,"http://ovdinfo.org/express-news/2013/07/02/zaderzhannye-lgbt-aktivisty-vyshli-na-svobodu, http://ovdinfo.org/express-news/2013/07/02/u-administracii-prezidenta-zaderzhany-chetvero-lgbt-aktivistov"
83,02.07.2013,Москва,не согласовано,Unauthorised,пикет,Picket,другое,Other,Другая Россия,Other Russia,Акция против экономической амнистии,,ОВД Тверское,Охотный ряд,4,"http://ovdinfo.org/express-news/2013/07/02/iz-ovd-tverskoe-otpushcheny-zaderzhannye-ranee-zaderzhannye-u-gosdumy-posle, http://ovdinfo.org/express-news/2013/07/02/u-gosdumy-zaderzhany-chetvero-drugorossov-protestovavshih-protiv-zakona-ob"
84,05.07.2013,Москва,не согласовано,Unauthorised,одиночный пикет,One-person picket,антиПутин,anti-Putin,другое,Other,Одиночный пикет на Новокузнецкой,,ОВД Замоскворечье,м. Новокузнецкая,1,http://ovdinfo.org/express-news/2013/07/05/aktivist-vladimir-ionov-zaderzhan-u-m
85,05.07.2013,Москва,не согласовано,Unauthorised,акция,Direct action,социальная,Social,другое,Other,Акция у здания Госдумы против реформы РАН,,ОВД Тверское,Охотный ряд,5,http://ovdinfo.org/express-news/2013/07/05/u-gosdumy-zaderzhany-5-aktivistov-protestovavshih-protiv-reformy-ran-pod
86,06.07.2013,Москва,не согласовано,Unauthorised,прогулка,Stroll,политзеки,Political prisoners,стихийная,Spontaneous,Гуляния на Красной площади,,автозак,Красная площадь,5,"http://ovdinfo.org/express-news/2013/07/06/zaderzhanye-na-krasnoy-ploshchadi-otpushcheny, http://ovdinfo.org/express-news/2013/07/06/na-krasnoy-ploshchadi-zaderzhany-5-chelovek"
87,10.07.2013,Москва,не согласовано,Unauthorised,пикет,Picket,социальная,Social,другое,Other,"Акция многодетных матерей у офиса ""Единой России""",,ОВД Мещанское,"Переяславский переулок, 4",7,"http://ovdinfo.org/express-news/2013/07/11/iz-ovd-meshchanskiy-vypushcheny-ostavshiesya-zaderzhannye-u-priemnoy-er, http://ovdinfo.org/express-news/2013/07/10/irinu-kalmykovu-vypustili-iz-ovd-meshchanskoe, http://ovdinfo.org/express-news/2013/07/10/eshche-pyat-chelovek-zaderzhany-u-priemnoy-edinoy-rossii, http://ovdinfo.org/express-news/2013/07/10/lager-u-priemnoy-edinoy-rossii-razgromlen-zaderzhano-dva-aktivista"
88,10.07.2013,Москва,не согласовано,Unauthorised,агитация,Agitation,выборы,For fair elections,штаб Навального,,Агитационная прогулка Навального,,ОВД Тверское,Трубная площадь,1,"http://ovdinfo.org/express-news/2013/07/10/nikolaya-lyaskina-otpustili-iz-ovd-tverskoe, http://ovdinfo.org/express-news/2013/07/10/vo-vremya-agitacionnoy-progulki-alekseya-navalnogo-zaderzhan-nikolay-lyaskin"
89,10.07.2013,Москва,не согласовано,Unauthorised,митинг,Rally,выборы,For fair elections,стихийная,Spontaneous,Митинг сторонников Навального у Моизбиркома,,автозак,около Мосгоризбиркома,1,http://ovdinfo.org/express-news/2013/07/10/okolo-mosizbirkoma-zaderzhan-i-srazu-zhe-otpushchen-aleksey-navalnyy
90,14.07.2013,Москва,не согласовано,Unauthorised,акция,Direct action,ЛГБТ,LGBTQ,другое,Other,ЛГБТ-акция на Красной площади,,ОВД Китай-город,Красная площадь,5,"http://ovdinfo.org/express-news/2013/07/14/vse-zaderzhannye-na-krasnoy-ploshchadi-otpushcheny, http://ovdinfo.org/express-news/2013/07/14/na-krasnoy-ploshchadi-na-antigomofobnom-pikete-zaderzhano-pyatero"
91,18.07.2013,Москва,не согласовано,Unauthorised,митинг,Rally,политзеки,Political prisoners,стихийная,Spontaneous,Акция в поддержку Алексея Навального в Москве,,"ОВД Пресненский - 21+8, ОВД Тверской - 14+5, ОВД Таганский - 33, ОВД Китай-город - 1, ОВД Мещанский - 17, ОВД Басманный - 19, ОВД Красносельский - 21, ОВД Арбат - 19, ОВД Якиманка - 12, ОВД Преображенский - 15",Манежная площадь,195,"http://ovdinfo.org/express-news/2013/07/20/policiya-cherez-tvitter-obvinila-aktivistov-v-vandalizme, http://ovdinfo.org/express-news/2013/07/19/zaderzhaniya-avtomobilistov-vozle-manezhnoy-ploshchadi, http://ovdinfo.org/express-news/2013/07/19/po-nashey-informacii-vse-zaderzhannye-v-centre-moskvy-otpushcheny, http://ovdinfo.org/express-news/2013/07/19/iz-ovd-yakimanka-otpushcheny-vse-12-chelovek-bez-sostavleniya-protokolov, http://ovdinfo.org/express-news/2013/07/19/iz-ovd-basmannoe-otpustili-18-chelovek, http://ovdinfo.org/express-news/2013/07/19/shest-chelovek-otpustili-iz-ovd-meshchanskoe, http://ovdinfo.org/express-news/2013/07/19/v-centre-moskvy-zaderzhany-18-19-iyulya-199-chelovek, http://ovdinfo.org/express-news/2013/07/19/moskovskaya-policiya-zaderzhivaet-zhurnalistov, http://ovdinfo.org/express-news/2013/07/19/v-moskve-18-19-iyulya-zaderzhany-v-obshchey-slozhnosti-169-chelovek, http://ovdinfo.org/express-news/2013/07/18/desyat-chelovek-zaderzhany-na-mohovoy-naprotiv-zdaniya-gosdumy, http://ovdinfo.org/express-news/2013/07/18/zaderzhannym-v-ovd-tverskoe-oformili-protokoly-po-state-202-koap, http://ovdinfo.org/express-news/2013/07/18/v-rayone-manezhnoy-ploshchadi-zaderzhany-v-obshchey-slozhnosti-58-chelovek, http://ovdinfo.org/express-news/2013/07/18/ryadom-s-manezhnoy-ploshchadyu-zaderzhany-v-obshchey-slozhnosti-36-chelovek, http://ovdinfo.org/express-news/2013/07/18/avtozak-s-dvadcatyu-zaderzhannymi-na-manezhnoy-ploshchadi-edet-v-presnenskoe, http://ovdinfo.org/express-news/2013/07/18/vosem-chelovek-zaderzhany-na-manezhnoy-ploshchadi, http://ovdinfo.org/express-news/2013/07/18/na-manezhnoy-ploshchadi-v-moskve-nachalis-zaderzhaniya, http://ovdinfo.org/express-news/2013/07/19/zaderzhaniya-avtomobilistov-vozle-manezhnoy-ploshchadi"
92,19.07.2013,Москва,не согласовано,Unauthorised,прогулка,Stroll,политзеки,Political prisoners,стихийная,Spontaneous,Задержание на Манежное площади,,ОВД Китай-город,Манежная площадь,6,"http://ovdinfo.org/express-news/2013/07/19/vseh-ranee-zaderzhannyh-na-manezhnoy-ploshchadi-otpustili-iz-ovd, http://ovdinfo.org/express-news/2013/07/19/novye-zaderzhaniya-na-manezhnoy-ploshchadi"
93,19.07.2013,Москва,не согласовано,Unauthorised,активист,Activist,антиПутин,anti-Putin,активист,Activist,Задержание активиста на Красной площади,,ОВД Китай-город,Красная площадь,1,http://ovdinfo.org/express-news/2013/07/19/na-krasnoy-ploshchadi-u-mavzoleya-zaderzhan-aktivist
94,24.07.2013,Москва,не согласовано,Unauthorised,одиночный пикет,One-person picket,ЛГБТ,LGBTQ,другое,Other,ЛГБТ-акция у здания детской библиотеки,,ОВД Якиманка,Калужская площадь,6,"http://ovdinfo.org/express-news/2013/07/24/lgbt-aktikistov-proderzhali-v-ovd-sem-chasov-i-obvinili-v-propagande, http://ovdinfo.org/express-news/2013/07/24/naprotiv-detskoy-biblioteki-zaderzhany-6-uchastnikov-lgbt-akcii"
95,31.07.2013,Москва,не согласовано,Unauthorised,митинг,Rally,Стратегия-31,Strategy-31,Стратегия-31,Strategy-31,Стратегия-31 в Москве,,"ОВД Красносельский - 4, ОВД Мещанский - 4, ОВД Басманный - 12, Лимонов - ОВД Тверсокй ",Триумфальная площадь,22,"http://ovdinfo.org/express-news/2013/08/01/poslednie-dva-aktivista-vyshli-na-svobodu-iz-basmannogo-ovd, http://ovdinfo.org/express-news/2013/07/31/ildara-dadina-nazvavshego-svoi-dannye-v-meshchanskom-ovd-ne-mogut-opoznat, http://ovdinfo.org/express-news/2013/07/31/aleksandr-makarov-gospitalizirovan-v-29-gorodskuyu-bolnicu-s-podozreniem-na, http://ovdinfo.org/express-news/2013/07/31/ocherednoe-izbienie-v-avtozake, http://ovdinfo.org/express-news/2013/07/31/prodolzhayutsya-zaderzhaniya-na-triumfalnoy-ploshchadi, http://ovdinfo.org/express-news/2013/07/31/na-triumfalnoy-ploshchadi-zaderzhano-eshche-12-chelovek, http://ovdinfo.org/express-news/2013/07/31/na-triumfalnoy-ploshchadi-v-moskve-nachalis-zaderzhaniya"
96,01.08.2013,Москва,не согласовано,Unauthorised,митинг,Rally,националистическая,,другое,Other,Акция футбольных фанатов и националистов,,,Манежная площадь,100,http://lenta.ru/news/2013/08/01/manezh/
97,06.08.2013,Москва,не согласовано,Unauthorised,одиночный пикет,One-person picket,ЛГБТ,LGBTQ,другое,Other,Серия одиночных пикетов сторонников ЛГБТ у здания МВД,,ОВД Якиманка,Житная улица,3,"http://ovdinfo.org/express-news/2013/08/07/lgbt-aktivisty-vyshli-na-svobodu-iz-ovd-yakimanka, http://ovdinfo.org/express-news/2013/08/06/okolo-zdaniya-mvd-byli-zaderzhany-tri-aktivista-na-lgbt-akcii"
98,08.08.2013,Москва,не согласовано,Unauthorised,одиночный пикет,One-person picket,социальная,Social,другое,Other,"Акция в поддержку многодетных матерей у офиса ""Единой России""",,ОВД Мещанское,"Переяславский переулок, 4",2,"http://ovdinfo.org/express-news/2013/08/08/zaderzhannye-u-ofisa-er-otpushcheny, http://ovdinfo.org/express-news/2013/08/08/u-ofisa-edinoy-rossii-zaderzhany-ildar-dadin-i-mariya-ryabikova"
99,09.08.2013,Москва,не согласовано,Unauthorised,пикет,Picket,политзеки,Political prisoners,другое,Other,Пикет в поддержку Ильи Фабера,,ОВД Китай-город,Красная площадь,2,"http://ovdinfo.org/express-news/2013/08/09/romana-valeeva-otkazalis-gospitalizirovat-v-13-oy-gorodskoy-bolnice, http://ovdinfo.org/express-news/2013/08/09/petr-farber-otpushchen-na-svobodu, http://ovdinfo.org/express-news/2013/08/09/petr-farber-i-roman-valeev-zaderzhany-vo-vremya-piketa-na-krasnoy-ploshchadi"
100,09.08.2013,Москва,согласовано,Authorised,агитация,Agitation,выборы,For fair elections,штаб Навального,,Агитация за Навального,,ОВД Крылатское,ст. м. Крылатское,2,http://ovdinfo.org/express-news/2013/08/09/policiya-zaderzhala-aktivistov-predvybornoy-kampanii-alekseya-navalnogo
101,10.08.2013,Москва,не согласовано,Unauthorised,одиночный пикет,One-person picket,социальная,Social,другое,Other,"Акция многодетных матерей у офиса ""Единой России""",,ОВД Мещанское,"Переяславский переулок, 4",6,"http://ovdinfo.org/express-news/2013/08/10/zaderzhannye-u-ofisa-edinoy-rossii-otpushcheny-na-svobodu, http://ovdinfo.org/express-news/2013/08/10/6-chelovek-zaderzhano-u-ofisa-edinoy-rossii, http://ovdinfo.org/express-news/2013/08/10/u-ofisa-edinoy-rossii-razognan-lager-mnogodetnyh-materey, http://ovdinfo.org/express-news/2013/07/10/zaderzhannye-u-priemnoy-er-vse-eshche-v-ovd"
102,11.08.2013,Москва,не согласовано,Unauthorised,пикет,Picket,социальная,Social,другое,Other,"Акция многодетных матерей у офиса ""Единой России""",,ОВД Мещанское,"Переяславский переулок, 4",1,"http://ovdinfo.org/express-news/2013/08/11/irinu-kalmykovu-sobirayutsya-ostavit-v-ovd-do-suda, http://ovdinfo.org/express-news/2013/08/11/okolo-poludnya-zaderzhana-irina-kalmykova-u-ofisa-edinoy-rossii"
103,12.08.2013,Москва,не согласовано,Unauthorised,акция,Direct action,выборы,For fair elections,Братья Навального,,Акция сторонников Навального у мэрии,,ОВД Тверской,"Тверская, 13",2,"http://ovdinfo.org/express-news/2013/08/12/bratya-navalnogo-ustroivshie-utrom-piket-u-merii-otpushcheny-na-svobodu, http://www.novayagazeta.ru/news/79186.html"
104,12.08.2013,Москва,не согласовано,Unauthorised,пикет,Picket,социальная,Social,другое,Other,"Акция многодетных матерей у офиса ""Единой России""",,ОВД Мещанское,"Переяславский переулок, 4",2,http://ovdinfo.org/express-news/2013/08/12/u-ofisa-edinoy-rossii-snova-proshli-zaderzhaniya-aktivistov
105,13.08.2013,Москва,не согласовано,Unauthorised,активист,Activist,выборы,For fair elections,Братья Навального,,Обыск в квартире сторонников Навального,,ОВД Басманное,Чистопрудный бульвар,4,"http://ovdinfo.org/express-news/2013/08/14/sud-oshtrafoval-bratev-navalnogo, http://ovdinfo.org/express-news/2013/08/14/zaderzhannyh-bratev-navalnogo-ostavlyayut-na-noch-v-policii, http://ovdinfo.org/express-news/2013/08/13/zaderzhannye-na-chistoprudnom-bulvare-bratya-navalnogo-dostavleny-v, http://lenta.ru/news/2013/08/14/trial/"
106,13.08.2013,Москва,не согласовано,Unauthorised,пикет,Picket,социальная,Social,другое,Other,"Акция многодетных матерей у офиса ""Единой России""",,ОВД Мещанское,"1 - у офиса ЕР, Переяславский переулок, 4, 6 - у ОВД Мещанское",7,"http://ovdinfo.org/express-news/2013/08/14/sud-otpustil-aktivistov-na-svobodu, http://ovdinfo.org/express-news/2013/08/14/kalmykova-i-gruppa-podderzhki-provedut-noch-v-ovd-meshchanskoe, http://ovdinfo.org/express-news/2013/08/13/eshche-5-zaderzhannyh-iz-gruppy-podderzhki-iriny-kalmykovoy-u-meshchanskogo, http://ovdinfo.org/express-news/2013/08/13/u-ovd-meshchanskoe-zaderzhan-ildar-dadin-stoyavshiy-v-odinochnom-pikete, http://ovdinfo.org/express-news/2013/08/13/skoraya-pomoshch-otkazalas-gospitalizirovat-kalmykovu, http://ovdinfo.org/express-news/2013/08/13/irine-kalmykovoy-grozit-arest-na-15-sutok, http://ovdinfo.org/express-news/2013/08/13/irina-kalmykova-vnov-zaderzhana-u-ofisa-er, http://ovdinfo.org/express-news/2013/08/12/aktivistke-ugrozhayut-lisheniem-roditelskih-prav"
107,14.08.2013,Москва,не согласовано,Unauthorised,пикет,Picket,социальная,Social,другое,Other,Акция градозащитников на Абельмановской улице,,ОВД Таганское,Абельмановская улица д.2,3,http://ovdinfo.org/express-news/2013/08/14/v-moskve-zaderzhany-gradozashchitniki
108,15.08.2013,Москва,не согласовано,Unauthorised,пикет,Picket,социальная,Social,другое,Other,"Пикет многодетных матерей у офиса ""Единой России""",,ОВД Мещанское,"Переяславский переулок, 4",1,"http://ovdinfo.org/express-news/2013/08/16/irinu-kalmykovu-otpustili-iz-meshchanskogo-ovd, http://ovdinfo.org/express-news/2013/08/15/kalmykovoy-predyavleno-obvinenie-po-st193-koap-nepovinovenie-zakonnomu, http://ovdinfo.org/express-news/2013/08/15/u-ofisa-edinoy-rossii-zaderzhana-irina-kalmykova"
109,16.08.2013,Москва,согласовано,Authorised,агитация,Agitation,выборы,For fair elections,штаб Навального,,"Задержание сторонника Алексея Навального, раздавашего листовки",,ОВД Орехово-Борисово Северное,Орехово,1,http://ovdinfo.org/express-news/2013/08/16/policiya-zaderzhala-agitatora-iz-komandy-navalnogo
110,17.08.2013,Москва,не согласовано,Unauthorised,прогулка,Stroll,другое,Other,пастафарианцы,,Пастный ход,,ОВД Тверкое,возле здания ГУВД Москвы на Петровке 38 и на Страстном бульваре,8,"http://ovdinfo.org/express-news/2013/08/17/aktivistov-russkoy-pastafarianskoy-cerkvi-otpuskayut-iz-ovd-tverskoy, http://ovdinfo.org/express-news/2013/08/17/na-strastnom-bulvare-zaderzhany-vosem-pastafariancev"
111,20.08.2013,Москва,не согласовано,Unauthorised,одиночный пикет,One-person picket,социальная,Social,другое,Other,Пикет Администрации президента по поводу профессиональных заболеваний,,ОВД Китай-город,"у Администрации президента, Ильинка, 23",1,http://ovdinfo.org/express-news/2013/08/20/u-administracii-prezidenta-zaderzhali-shahtershu-iz-kuzbassa
112,25.08.2013,Москва,не согласовано,Unauthorised,митинг,Rally,выборы,For fair elections,штаб Навального,,Встреча кандидата в мэры Москвы Алексея Навального с избирателями,,ОВД Сокольники,Сокольники,11,"http://ovdinfo.org/express-news/2013/08/25/zaderzhaniya-v-sokolnikah, http://lenta.ru/news/2013/08/26/free/"
113,25.08.2013,Москва,не согласовано,Unauthorised,пикет,Picket,другое,Other,Солидарность,Solidarity Movement,"Пикет ""За вашу и нашу свободу"" в честь годовщины акции 1968 года",,ОВД Китай-город,Красная площадь,10,"http://ovdinfo.org/express-news/2013/08/25/pochti-vse-zaderzhannye-na-krasnoy-ploshchadi-otpushcheny, http://ovdinfo.org/express-news/2013/08/25/troih-zaderzhannyh-davydova-petrishcheva-i-grishko-pomestili-v-obezyannik, http://ovdinfo.org/express-news/2013/08/25/neskolko-minut-nazad-v-ovd-kitay-gorod-byli-dostavleny-desyat-chelovek"
114,31.08.2013,Москва,не согласовано,Unauthorised,митинг,Rally,Стратегия-31,Strategy-31,Стратегия-31,Strategy-31,Стратегия-31 31 августа 2013 года,,ОВД Тверское,Триумфальная площадь,16,"http://ovdinfo.org/express-news/2013/08/31/eduard-limonov-i-marat-salahiev-dostavleny-v-ovd-tverskoe, http://ovdinfo.org/express-news/2013/08/31/po-soobshcheniyam-ochevidcev-na-triumfalnoy-ploshchadi-zaderzhany-eshchyo-15, http://ovdinfo.org/express-news/2013/08/31/eduard-limonov-zaderzhan-na-triumfalnoy-ploshchadi-v-hode-provedenii-akcii"
115,04.09.2013,Москва,не согласовано,Unauthorised,акция,Direct action,социальная,Social,другое,Other,Акция у минздрава за доступность лечения гепатита С,,ОВД Тверское,"возле Министерства здравоохранения, Рахманиновский, 3",1,"http://ovdinfo.org/express-news/2013/09/04/utrom-u-zdaniya-ministerstva-zdravoohraneniya-byl-zaderzhan-aktivist, http://rylkov-fond.org/blog/novosti/actionminzdrav/"
116,06.09.2013,Москва,не согласовано,Unauthorised,пикет,Picket,политзеки,Political prisoners,Оргкомитет протестных действий,,"Пикет в поддержку ""узников Болотной""",,ОВД Китай-город,Манежная площадь,4,http://ovdinfo.org/express-news/2013/09/06/na-manezhnoy-ploshchadi-zaderzhali-aktivistov-vyshedshih-podderzhat-uznikov
117,08.09.2013,Москва,не согласовано,Unauthorised,активист,Activist,выборы,For fair elections,активист,Activist,Единый день голосования в Подмосковье,,,,7,"http://ovdinfo.org/express-news/2013/09/09/v-podmoskove-zaderzhan-advokat-dmitriy-trunin-kotoryy-ballotirovalsya-v, http://ovdinfo.org/express-news/2013/09/09/v-moskovskoy-oblasti-zaderzhan-aktivist-vitaliy-shushkevich-i-eshche-pyat"
118,10.09.2013,Москва,не согласовано,Unauthorised,одиночный пикет,One-person picket,антиПутин,anti-Putin,активист,Activist,"Пикет ""Путин - враг России""",,ОВД Китай-город,Красная площадь,1,http://ovdinfo.org/express-news/2013/09/10/aktivist-vladimir-ionov-zaderzhan-u-zdaniya-gim
119,11.09.2013,Москва,не согласовано,Unauthorised,одиночный пикет,One-person picket,политзеки,Political prisoners,другое,Other,Серия одиночных пикетов в поддержку Ильи Фарбера,,ОВД Арбат,"Поварская, 15",1,http://ovdinfo.org/express-news/2013/09/11/v-moskve-zaderzhan-petr-farber
120,12.09.2013,Москва,согласовано,Authorised,митинг,Rally,выборы,For fair elections,другое,Other,Инаугурация Собянина,,ОВД Дорогомилово,Поклонная гора,3,http://ovdinfo.org/express-news/2013/09/12/okolo-chasa-nazad-na-poklonnoy-gore-byli-zaderzhany-storonniki-alekseya
121,14.09.2013,Москва,не согласовано,Unauthorised,митинг,Rally,националистическая,,другое,Other,Народный сход против раздачи российского гражданства,,,Пушкинская площадь,25,"http://lenta.ru/news/2013/09/14/catch/, http://www.interfax.ru/moscow/news.asp?id=328927, http://russnation.livejournal.com/2013/09/11/"
122,18.09.2013,Москва,не согласовано,Unauthorised,пикет,Picket,социальная,Social,стихийная,Spontaneous,Встреча у Думы: против реформы РАН,,ОВД Тверское,Охотный ряд,3,"http://ovdinfo.org/express-news/2013/09/18/zaderzhannye-ranee-u-gosdumy-ilya-hudyakov-aleksandr-maevskiy-i-ilya, http://ovdinfo.org/express-news/2013/09/18/okolo-gosdumy-zaderzhany-ilya-hudyakov-aleksandr-maevskiy-i-ilya-voroncov"
123,21.09.2013,Москва,согласовано,Authorised,агитация,Agitation,выборы,For fair elections,штаб Навального,,Одиночные пикеты у агитационного куба Навального,,ОВД Замоскворечье,м. Новокузнецкая,4,http://ovdinfo.org/express-news/2013/09/21/zaderzhanie-u-kuba-navalnogo-na-novokuzneckoy
124,22.09.2013,Москва,не согласовано,Unauthorised,активист,Activist,социальная,Social,ДОМ,,"Встреча с чиновниками московского департамента жилищной политики по поводу выселения жильцом общежития ""Салют""",,ОВД Пресненский,"Департамент жилищной политики, Газетный переулок, 1/12",1,"http://ovdinfo.org/express-news/1700, ""http://ovdinfo.org/express-news/2013/08/22/aktivistu-zaderzhannomu-v-departamente-zhilishchnoy-politiki-grozit-15-sutok, http://ovdinfo.org/express-news/2013/08/23/aleksandr-zimbovskiy-otpushchen-na-svobodu-sud-perenesen-na-ponedelnik-26"""
125,25.09.2013,Москва,не согласовано,Unauthorised,прогулка,Stroll,социальная,Social,стихийная,Spontaneous,SOS - спасите РАН: гулянья у Совета Федерации,,ОВД Тверское,"у Совета Федерации, Большая Дмитровка, 26",3,http://ovdinfo.org/express-news/2013/09/25/v-moskve-opyat-zaderzhivayut-uchenyh-segodnya-u-soveta-federacii
126,25.09.2013,Москва,не согласовано,Unauthorised,пикет,Picket,ЛГБТ,LGBTQ,другое,Other,Пикет у офиса Олимпиады-2014 ,,ОВД Якиманка,"Большая Ордынка, дом 40, строение 3",10,"http://ovdinfo.org/express-news/2013/09/25/lgbt-aktivisty-vypushcheny-na-svobodu-na-nih-sostavleny-protokoly-po-state, http://ovdinfo.org/express-news/2013/09/25/zaderzhannye-ranee-lgbt-aktivisty-uzhe-bolee-4-chasov-nahodyatsya-v-ovd, http://ovdinfo.org/express-news/2013/09/25/zaderzhanie-lgbt-aktivistov"
127,04.10.2013,Москва,не согласовано,Unauthorised,акция,Direct action,экология,Environmental,Альянс защиты животных,Alliance For Animals,"В Международный день защиты животных активисты ""Альянса Защитников Животных"" приковали себя к забору Госдумы и к баннеру и требовали вернуть в законопроект ""Об ответственном обращении с животными"" положения, запрещающие убийство бездомных животных и эвтаназию для животных.",,ОВД Тверской,Охотный ряд,4,"http://ovdinfo.org/express-news/2013/10/04/zoozashchitnikov-otpustili-iz-ovd, http://ovdinfo.org/express-news/2013/10/04/korrespondent-graneyru-otpushchen-na-svobodu, http://ovdinfo.org/express-news/2013/10/04/dym-ekologov-otravil-deputatov"
128,04.10.2013,Москва,не согласовано,Unauthorised,акция,Direct action,другое,Other,Другая Россия,Other Russia,"В годовщину расстрела Белого дома активисты ""Другой России"" развернули у Госдумы баннер ""Не забудем, не простим!"", а также призвали к бойкоту выборов.",,ОВД Тверской,Охотный ряд,8,"http://ovdinfo.org/express-news/2013/10/04/zaderzhannye-u-gosdumy-drugorossy-vyshli-na-svobodu, http://ovdinfo.org/express-news/2013/10/04/u-gosdumy-zaderzhany-8-drugrossov"
129,06.10.2013,Москва,не согласовано,Unauthorised,пикет,Picket,политзеки,Political prisoners,Оргкомитет протестных действий,,"На площади Революции в Москве прошла акция в поддержку фигурантов ""Болотного дела"". Это традиционная акция по 6-м числам месяца: ""Каждый месяц шестого числа мы выходим на Красную площадь, чтобы выразить солидарность с теми, кто сегодня преследуется по так называемому ""Болотному делу"", сообщают организаторы. Место - Красная или Манежная площадь. Если их перекроют, мы пойдем на площадь Революции. Сбор у памятника Жукову в 19 часов"".",,ОВД Китай-город,площадь Революции,7,"http://ovdinfo.org/express-news/2013/10/06/zaderzhannyh-na-akcii-v-podderzhku-uznikov-bolotnoy-otpustili-iz-policii, http://ovdinfo.org/express-news/2013/10/06/na-mitinge-v-podderzhku-politzaklyuchennyh-nachalis-zaderzhaniya"
130,06.10.2013,Москва,не согласовано,Unauthorised,акция,Direct action,ЛГБТ,LGBTQ,другое,Other,"На Арбате ЛГБТ-активисты провели акцию против законопроекта депутата Журавлева, который предполагает отъем детей у родителей нетрадиционной сексуальной ориентации",,ОВД Арбат,Старый Арбат,4,"http://ovdinfo.org/express-news/2013/10/07/ildar-dadin-na-svobode, http://ovdinfo.org/express-news/2013/10/07/ildara-dadina-obvinyayut-v-narushenii-stati-193-koap-rf, http://ovdinfo.org/express-news/2013/10/07/sud-nad-zaderzhannymi-6-oktyabrya-lgbt-aktivistami, http://ovdinfo.org/express-news/2013/10/06/vse-zaderzhannye-na-lgbt-akcii-ostayutsya-nochevat-v-policii, http://ovdinfo.org/express-news/2013/10/06/posle-zaderzhaniya-policiey-lgbt-aktivist-gospitalizirovan, http://ovdinfo.org/express-news/2013/10/06/na-arbate-zaderzhany-lgbt-aktivisty-vystupivshie-protiv-zakona-zhuravleva"
131,08.10.2013,Москва,не согласовано,Unauthorised,пикет,Picket,политзеки,Political prisoners,стихийная,Spontaneous,Приговор Михаилу Косенко,,ОВД Замоскворечье,"Замоскворецкий районный суд, Татарская улица, 1, зал 219.",9,"http://ovdinfo.org/express-news/2013/10/09/rezultaty-sudov-nad-zaderzhannymi-nakanune-aktivistami, http://ovdinfo.org/express-news/2013/10/09/zaderzhannyh-iz-ovd-zamoskvoreche-otpravlyayut-v-sud, http://ovdinfo.org/express-news/2013/10/09/sergeya-mohnatkina-privezli-nazad-v-ovd-zamoskvoreche, http://ovdinfo.org/express-news/2013/10/09/elena-malko-vyshla-na-svobodu, http://ovdinfo.org/express-news/2013/10/08/sergeya-mohnatkina-uvezli-na-skoroy-iz-ovd-zamoskvoreche, http://ovdinfo.org/express-news/2013/10/08/chast-zaderzhannyh-otpushchena-iz-ovd-zamoskvoreche, http://ovdinfo.org/express-news/2013/10/08/iz-ovd-zamoskvoreche-ne-vypuskayut-zaderzhannyh, http://ovdinfo.org/express-news/2013/10/08/olga-mazurova-takzhe-zaderzhana-u-ovd-zamoskvoreche, http://ovdinfo.org/express-news/2013/10/08/shestero-aktivistov-prishedshih-podderzhat-zaderzhannyh-ranee-u-suda-k-ovd, http://ovdinfo.org/express-news/2013/10/08/po-utochnennym-dannym-zaderzhannyh-u-zamoskvoreckogo-suda-vezut-v-ovd, http://ovdinfo.org/express-news/2013/10/08/zaderzhannyh-u-zamoskvoreckogo-raysuda-privezli-k-ovd-taganskoe, http://ovdinfo.org/express-news/2013/10/08/zamoskvoreckiy-sud-priznal-vinu-kosenko, http://ovdinfo.org/express-news/2013/10/08/zaderzhaniya-u-zamoskvoreckogo-suda-prodolzhayutsya, http://ovdinfo.org/express-news/2013/10/08/u-zamoskvoreckogo-suda-nachalis-zaderzhaniya, http://ovdinfo.org/express-news/2013/10/07/zavtra-prigovor-mihailu-kosenko"
132,08.10.2013,Москва,не согласовано,Unauthorised,пикет,Picket,политзеки,Political prisoners,стихийная,Spontaneous,Приговор Михаилу Косенко: поддержка у ОВД,,ОВД Замоскворечье,"улица Пятницкая, 49 строение 1, Москва, Россия, 125009",7,http://ovdinfo.org/express-news/2013/10/08/olga-mazurova-takzhe-zaderzhana-u-ovd-zamoskvoreche
133,15.10.2013,Москва,не согласовано,Unauthorised,акция,Direct action,экология,Environmental,Альянс защиты животных,Alliance For Animals,"Зоозащитники провели акцию у Московской Соборной мечети во время мусульманского праздника Курбан-байрам, потребовав гуманного обращения к животным.",,4-й отдел полиции УВД на Московском метрополитене,"Москва, Выползов пер., 7",3,"http://ovdinfo.org/express-news/2013/10/15/zoozashchitniki-otpushcheny-na-svobodu, http://ovdinfo.org/express-news/2013/10/15/v-moskve-zaderzhany-zoozashchitniki"
134,17.10.2013,Москва,не согласовано,Unauthorised,акция,Direct action,другое,Other,другое,Other,"Байкеры потребовали освобождения Юрия Некрасова, обвиняемого в убийстве Валерия Родителева, представителя ""Ночных волков"" в Зеленограде. Сторонники Некрасова провели акцию на Садовом кольце.",,ОВД Арбат,Зубовский бульвар,3,"http://ovdinfo.org/express-news/2013/10/17/zaderzhannye-na-sadovom-kolce-baykery-vyshli-na-svobodu, http://ovdinfo.org/express-news/2013/10/17/baykery-zaderzhany-za-perekrytie-sadovogo-kolca-v-podderzhku-yuriya"
135,19.10.2013,Москва,не согласовано,Unauthorised,активист,Activist,другое,Other,другое,Other,"В Москве при выходе из станции метро ""Октябрьское поле"" задержан зоозащитник Юрий Корецких. Задержанный был доставлен в ОВД Щукинское и отпущен после взятия объяснений.",,ОВД Щукинское,"улица Маршала Бирюзова, 14",1,"http://ovdinfo.org/express-news/2013/10/19/zoozashchitnik-yuriy-koreckih-otpushchen-iz-ovd, http://ovdinfo.org/express-news/2013/10/19/v-moskve-zaderzhany-zoozashchitniki"
136,25.10.2013,Москва,не согласовано,Unauthorised,пикет,Picket,другое,Other,Другая Россия,Other Russia,"Другая Россия провела акцию с требованием национализации и пересмотра итогов приватизации возле управы района Западное Бирюлево. Активисты развернули растяжку ""Отобрать и поделить"", начали распространять листовки. ",,ОВД Бирюлево Западное,"Москва, ул. Медынская, 14б",3,"http://ovdinfo.org/express-news/2013/10/25/troih-drugorossov-zaderzhannyh-ranee-v-biryulevo-otpustili-na-svobodu, http://ovdinfo.org/express-news/2013/10/25/zaderzhannye-v-biryuleve-aktivisty-drugoy-rossii-dostavleny-v-chertanovskiy, http://ovdinfo.org/express-news/2013/10/25/troe-drugorossov-zaderzhany-na-pikete-pod-lozungom-otobrat-i-podelit"
137,31.10.2013,Москва,не согласовано,Unauthorised,митинг,Rally,Стратегия-31,Strategy-31,Стратегия-31,Strategy-31,Стратегии-31 на Триумфальной площади,,"ОВД Басманный, ОВД Тверской",Триумфальная площадь,18,"http://ovdinfo.org/express-news/2013/10/31/posledniy-zaderzhannyy-vyshel-iz-basmannogo-ovd, http://ovdinfo.org/express-news/2013/10/31/pochti-vse-zaderzhannye-otpushcheny-iz-ovd-basmannoe, http://ovdinfo.org/express-news/2013/10/31/denis-petrikeev-otpushchen-na-svobodu, http://ovdinfo.org/express-news/2013/10/31/denis-petrikeev-zaderzhan-na-triumfalnoy-ploshchadi, http://ovdinfo.org/express-news/2013/10/31/17-chelovek-zaderzhano-na-strategii-31-v-moskve"
138,04.11.2013,Москва,не согласовано,Unauthorised,одиночный пикет,One-person picket,антиПутин,anti-Putin,другое,Other,"Одиночный пикет Владимира Ионова с плакатом ""Путин - позор России"" возле музея В.И. Ленина на площади Революции в Москве.",,ОВД Китай-город,площади Революции в Москве.,1,"http://ovdinfo.org/express-news/2013/11/04/vladimir-ionov-otpushchen-na-svobodu, http://ovdinfo.org/express-news/2013/11/04/na-ploshchadi-revolyucii-zaderzhan-odinochnyy-piketchik"
139,06.11.2013,Москва,не согласовано,Unauthorised,акция,Direct action,политзеки,Political prisoners,Гринпис,Greenpeace,"Активисты ""Гринпис"" на двух резиновых моторных лодках совершили несколько кругов по реке Москве возле Кремля с баннерами кампании в защиту ""Арктик30""",,линейный отдел на водном транспорте Управления на транспорте МВД России по ЦФО,Южный порт,4,http://ovdinfo.org/express-news/2013/11/07/zaderzhannyh-segodnya-aktivistov-grinpis-otpustili-na-svobodu
140,06.11.2013,Москва,не согласовано,Unauthorised,акция,Direct action,социальная,Social,Другая Россия,Other Russia,"Сторонники Другой России вышли к Испанскому посольству поддержать бастующих рабочих петербургского завода ""Антолин"", принадлежащего испанской компании",,ОВД Пресненский,"Москва, ул. Большая Никитская, 46/8",5,"http://ovdinfo.org/express-news/2013/11/06/drugorossy-zaderzhannye-u-ispanskogo-posolstva-vyshli-na-svobodu, http://ovdinfo.org/express-news/2013/11/06/pyatero-drugorossov-zaderzhany-u-posolstva-ispanii-na-akcii-v-podderzhku"
141,06.11.2013,Москва,не согласовано,Unauthorised,пикет,Picket,политзеки,Political prisoners,Оргкомитет протестных действий,,Очередная акция Стратегии-6 в поддержку узников 6 мая,,"ОВД Замоскворечье - 4, ОВД Тверской - 10, ОВД Басманный - 3, ОВД Китай-город - 1",Манежная площадь,18,"http://ovdinfo.org/express-news/2013/11/07/vse-zaderzhannye-na-akcii-v-ramkah-strategii-6-otpushcheny, http://ovdinfo.org/express-news/2013/11/06/iz-ovd-zamoskvoreche-vypustili-zaderzhannyh, http://ovdinfo.org/express-news/2013/11/06/nadezhda-mityushkina-pomeshchena-v-kaz-ovd-tverskoy-za-otstaivanie-svoih, http://ovdinfo.org/express-news/2013/11/06/devushka-zaderzhana-za-otkaz-snyat-futbolku-s-izobrazheniem-sergeya-krivova, http://ovdinfo.org/express-news/2013/11/06/vozle-pamyatnika-zhukovu-v-moskve-zaderzhano-14-chelovek"
142,07.11.2013,Москва,не согласовано,Unauthorised,другое,Other,другое,Other,другое,Other,96-ая годовщина Октябрьской революции,,ОВД Тверской,Пушкинская площадь,6,http://ovdinfo.org/express-news/2013/11/07/6-chelovek-zaderzhano-vozle-novopushkinskogo-skvera
143,07.11.2013,Москва,не согласовано,Unauthorised,акция,Direct action,другое,Other,другое,Other,96-ая годовщина Октябрьской революции,,"ОВД Таганский - 4, ОВД Арбат - 4, ОВД Замоскворечье -3,  ОВД Хамовники - 4, ОВД Пресненский - 6, ОВД Басманный - 3.",Баррикадная,24,"http://ovdinfo.org/express-news/2013/11/07/zaderzhannye-na-barrikadnoy-dostavleny-v-ovd-presnenskiy, http://ovdinfo.org/express-news/2013/11/07/zaderzhannyh-dostavlennyh-v-ovd-presnenskiy-veroyatno-ostavyat-tam-na-noch"
144,09.11.2013,Москва,не согласовано,Unauthorised,акция,Direct action,антифа,Antifa,антифа,Antifa,75-ая годовщина Хрустальной ночи - погромов в нацистской Германии,,ОВД Китай-город,Красная площадь,4,"http://ovdinfo.org/express-news/2013/11/09/zaderzhannye-na-krasnoy-ploshchadi-aktivisty-otpushcheny-iz-ovd-kitay-gorod, http://ovdinfo.org/express-news/2013/11/09/na-krasnoy-ploshchadi-zaderzhany-chetvero"
145,10.11.2013,Москва,не согласовано,Unauthorised,пикет,Picket,другое,Other,другое,Other,Пикет против полицейского произвола,,ОВД Тверской,Страстной бульвар,1,"http://ovdinfo.org/express-news/2013/11/10/zaderzhannogo-s-kosoy-otpustili, http://ovdinfo.org/express-news/2013/11/10/zaderzhannye-nakanune-drugorossy-ostayutsya-v-ovd-do-suda"
146,10.11.2013,Москва,согласовано,Authorised,пикет,Picket,другое,Other,другое,Other,Пикет против полицейского произвола,,ОВД Тверской,Страстной бульвар,1,http://ovdinfo.org/node/7642
147,13.11.2013,Москва,не согласовано,Unauthorised,агитация,Agitation,антиПутин,anti-Putin,другое,Other,Путин - позор России,,ОВД Китай-город,Манежная площадь,1,http://ovdinfo.org/node/7665
148,15.11.2013,Москва,не согласовано,Unauthorised,акция,Direct action,другое,Other,другое,Other,"Акция Петра Павленского ""Фиксация""",,ОВД Китай-город,Красная площадь,1,http://ovdinfo.org/node/7675
149,17.11.2013,Москва,не согласовано,Unauthorised,акция,Direct action,политзеки,Political prisoners,другое,Other,"Петр Фарбер, сын осужденного сельского учителя Ильи Фарбера, провел акцию за освобождение отца. Он заперся в железной клетке, закрытой на два амбарных замка, на которой было написано ""800 дней"" - срок, который Илья Фарбер уже провел в заключении.",,ОВД МГУ,Воробьевы горы,1,http://ovdinfo.org/express-news/2013/11/17/na-vorobevyh-gorah-zaderzhan-i-pozzhe-otpushchen-petr-farber
150,17.11.2013,Москва,не согласовано,Unauthorised,акция,Direct action,антиПутин,anti-Putin,другое,Other,"Активисты развернули на Красной полщади поочередно три растяжки - ""Мою страну захватили враги"", ""Сопротивляйся"" и ""Всех не пересажаете""",,ОВД Китай-город,Красная площадь,7,"http://ovdinfo.org/express-news/2013/11/17/vse-zaderzhannye-na-krasnoy-ploshchadi-vyshli-na-svobodu, http://ovdinfo.org/express-news/2013/11/17/utochnenie-na-krasnoy-ploshchadi-zaderzhano-semero, http://ovdinfo.org/express-news/2013/11/17/v-ovd-kitay-gorod-po-tradicii-otobrali-telefony-u-zaderzhannyh, http://ovdinfo.org/express-news/2013/11/17/na-krasnoy-ploshchadi-zaderzhano-6-chelovek-vystupivshih-v-zashchitu"
151,18.11.2013,Москва,не согласовано,Unauthorised,одиночный пикет,One-person picket,антиПутин,anti-Putin,другое,Other,"Одиночный пикет Ильдара Дадина на Манежной площади с плакатом ""Путин - позор России"".",,ОВД Китай-город,Манежная площадь,1,"http://ovdinfo.org/express-news/2013/11/18/ildar-dadin-posle-provedeniya-profilakticheskoy-besedy-vyshel-na-svobodu, http://ovdinfo.org/express-news/2013/11/18/na-manezhnoy-ploshchadi-zaderzhan-odinochnyy-piketchik"
152,20.11.2013,Москва,не согласовано,Unauthorised,акция,Direct action,политзеки,Political prisoners,другое,Other,"Свободу Стомахину, долой статью 282!",,ОВД Китай-город,Красная площадь,5,"http://ovdinfo.org/express-news/2013/11/21/gennadiy-stroganov-i-ildar-dadin-poluchili-po-sem-sutok-aresta, http://ovdinfo.org/express-news/2013/11/20/ildar-dadin-i-gennadiy-stroganov-ostayutsya-v-ovd-kitay-gorod-do-utra, http://ovdinfo.org/express-news/2013/11/20/pyat-chelovek-zaderzhano-na-krasnoy-ploshchadi-na-pikete-v-podderzhku-borisa"
153,22.11.2013,Москва,не согласовано,Unauthorised,акция,Direct action,политзеки,Political prisoners,Оргкомитет протестных действий,,"Возле следственного изолятора ""Матросская тишина"" активисты растянули баннер со словами ""В этой тюрьме убивают Сергея Кривова"" ",,ОВД Сокольники,"Москва, ул. Матросская Тишина, 18",10,"http://ovdinfo.org/express-news/2013/11/22/zaderzhannye-u-sizo-vyshli-na-svobodu, http://ovdinfo.org/express-news/2013/11/22/10-chelovek-zaderzhany-u-sizo-matrosskaya-tishina"
154,23.11.2013,Москва,не согласовано,Unauthorised,акция,Direct action,антифа,Antifa,другое,Other,Антифашистская акция с требованиями изменения миграционной политике и отмены концлагерей для нелегальных мигрантов,,ОВД Китай-город,Манежная площадь,4,"http://ovdinfo.org/express-news/2013/11/23/zaderzhannye-na-manezhnoy-ploshchadi-otpushcheny, http://ovdinfo.org/express-news/2013/11/23/u-pamyatnika-zhukovu-zaderzhany-4-uchastnika-antifashistskoy-akcii"
155,25.11.2013,Москва,не согласовано,Unauthorised,акция,Direct action,социальная,Social,другое,Other,Гражданские активисты попытались помешать сносу здания XIX-го века,,ОВД Пресненский,"Вознесенский переулок д.11, стр.2",6,"http://ovdinfo.org/express-news/2013/11/27/troim-gradozashchitnikam-prisudili-shtrafy, http://ovdinfo.org/express-news/2013/11/25/treh-gradozashchitnikov-ostavlyayut-v-ovd-na-noch, http://ovdinfo.org/express-news/2013/11/25/s-troih-gradozashchitnikov-vzyali-obyasneniya, http://ovdinfo.org/express-news/2013/11/25/na-gradozashchitnikov-grozyat-oformit-nepovinovenie-policii, http://ovdinfo.org/express-news/2013/11/25/grazhdanskie-aktivisty-zaderzhany-pri-popytke-ostanovit-snos-istoricheskogo"
156,01.12.2013,Москва,не согласовано,Unauthorised,акция,Direct action,другое,Other,другое,Other,"Акция памяти Натальи Горбаневской с портретом и надписью ""За вашу и нашу свободу""",,ОВД Китай-город,Красная площадь,1,http://ovdinfo.org/express-news/2013/12/01/na-krasnoy-ploshchadi-zaderzhana-elena-glushko-s-portretom-natali
157,02.12.2013,Москва,не согласовано,Unauthorised,акция,Direct action,другое,Other,Солидарность,Solidarity Movement,Акция солидарности у посольства Украины в Москве ,,ОВД Пресненский,"Леонтьевский переулок, 18",11,"http://ovdinfo.org/express-news/2013/12/02/zaderzhannye-u-posolstva-ukrainy-vyshli-na-svobodu, http://ovdinfo.org/express-news/2013/12/02/zaderzhannyh-u-posolstva-ukrainy-dostavili-v-ovd, http://ovdinfo.org/express-news/2013/12/02/u-posolstva-ukrainy-zaderzhany-11-chelovek"
158,05.12.2013,Москва,не согласовано,Unauthorised,акция,Direct action,другое,Other,Партия 5 декабря,,"Во вторую годовщину митинга 5 декабря 2011 года на Чистых прудах трое членов партии ""5 декабря"" развернули баннер с логотипом партии у памятника Грибоедову",,ОВД Басманный,Чистые пруды,3,"http://ovdinfo.org/express-news/2013/12/05/zaderzhannyh-na-chistyh-prudah-otpustili-iz-ovd, http://ovdinfo.org/express-news/2013/12/05/aktivistov-partii-5-dekabrya-obvinyayut-v-narushenii-stati-202, http://ovdinfo.org/express-news/2013/12/05/v-moskve-zaderzhany-troe-aktivistov-partii-5-dekabrya"
159,06.12.2013,Москва,не согласовано,Unauthorised,пикет,Picket,политзеки,Political prisoners,Оргкомитет протестных действий,,Акция с требованием амнистии для подсудимых по Болотному делу около Госдумы,,"ОВД Арбат - 10, ОВД Тверской - 9",Охотный ряд,19,"http://ovdinfo.org/express-news/2013/12/06/vosem-chelovek-zaderzhany-u-gosdumy, http://ovdinfo.org/express-news/2013/12/06/eshche-11-chelovek-zaderzhany-u-gosdumy"
160,06.12.2013,Москва,не согласовано,Unauthorised,пикет,Picket,политзеки,Political prisoners,Оргкомитет протестных действий,,"Традиционное собрание в поддержку ""узников Болотной"" на Манежной площади ",,"ОВД Басманный, ОВД Якиманка, ОВД Китай-город",Манежная площадь,24,http://ovdinfo.org/express-news/2013/12/06/eshche-24-cheloveka-zaderzhano-na-akcii-v-podderzhku-uznikov-bolotnoy
161,12.12.2013,Москва,не согласовано,Unauthorised,акция,Direct action,другое,Other,Солидарность,Solidarity Movement,Акция в день Конституции,,ОВД Басманный,Пушкинская площадь,6,"http://ovdinfo.org/express-news/2013/12/12/zaderzhannye-na-akcii-v-zashchitu-konstitucii-vyshli-na-svobodu, http://ovdinfo.org/express-news/2013/12/12/zaderzhaniya-na-pushkinskoy-ploshchadi-v-den-konstitucii"
162,12.12.2013,Москва,не согласовано,Unauthorised,акция,Direct action,политзеки,Political prisoners,Оргкомитет протестных действий,,"Акция ""Свободу узникам 6 мая"" на станции метро Комсомольская ",,1-й Отдел полиции УВД на московском метрополитене,ст. м. Комсомольская,7,"http://ovdinfo.org/express-news/2013/12/13/iz-1-ogo-otdela-po-metropolitenu-otpushcheny-vse-zaderzhannye, http://ovdinfo.org/express-news/2013/12/12/zaderzhannye-na-komsomolskoy-perevezeny-v-1-y-otdel-po-metropolitenu, http://ovdinfo.org/express-news/2013/12/12/sem-chelovek-zaderzhany-za-akciyu-v-moskovskom-metro"
163,14.12.2013,Москва,не согласовано,Unauthorised,одиночный пикет,One-person picket,другое,Other,другое,Other,Акция за свободу слова для всех,,ОВД Арбат,Гоголевский бульвар,1,http://ovdinfo.org/node/7849
164,16.12.2013,Москва,не согласовано,Unauthorised,пикет,Picket,политзеки,Political prisoners,Оргкомитет протестных действий,,Накакануне рассмотрения проекта амнистии к 20-летию Конституции к Госдуме вышли люди чтобы потребовать освободить политических заключенных,,ОВД Тверской,Охотный ряд,16,"http://ovdinfo.org/express-news/2013/12/17/vse-zaderzhannye-u-zdaniya-gosudarstvennoy-dumy-vyshli-na-svobodu, http://ovdinfo.org/express-news/2013/12/17/dvoih-zaderzhannyh-iz-ovd-tverskoy-otpustili-bez-protokolov, http://ovdinfo.org/express-news/2013/12/16/v-tverskom-ovd-policeyskie-primenili-silu-protiv-obshchestvennogo, http://ovdinfo.org/express-news/2013/12/16/po-utochnennym-dannym-u-gosdumy-zaderzhany-16-chelovek, http://ovdinfo.org/express-news/2013/12/16/zaderzhaniya-u-gosdumy-prodolzhayutsya, http://ovdinfo.org/express-news/2013/12/16/u-dumy-zaderzhan-eshche-odin-chelovek, http://ovdinfo.org/express-news/2013/12/16/nachalis-zaderzhaniya-u-gosudarstvennoy-dumy"
165,16.12.2013,Москва,не согласовано,Unauthorised,пикет,Picket,другое,Other,другое,Other,Акция в поддержку сотрудников РИА Новости,,ОВД Хамовники,Зубовский бульвар,2,"http://ovdinfo.org/express-news/2013/12/16/dmitriy-zykov-i-igor-yasin-otpushcheny-iz-ovd, http://ovdinfo.org/express-news/2013/12/16/dvoe-chelovek-zaderzhany-na-pikete-v-podderzhku-rian"
166,19.12.2013,Москва,не согласовано,Unauthorised,одиночный пикет,One-person picket,социальная,Social,другое,Other,Одиночный пикет Веры Шиховой с требованием компенсации сыну,,ОВД Китай-город,Новая площадь,1,"http://ovdinfo.org/express-news/2013/12/19/veru-shihovu-otpustili-iz-ovd-kitay-gorod, http://ovdinfo.org/express-news/2013/12/19/u-zdaniya-administracii-prezidenta-svernut-bessrochnyy-piket"
167,19.12.2013,Москва,не согласовано,Unauthorised,акция,Direct action,политзеки,Political prisoners,другое,Other,"Журналист Евгений Левкович и еще 22 человек из группы поддержки задержаны у здания ВТЦ, где должна состояться пресс-конференция Владимира Путина. Левкович и инициативная группа предыдущий месяц собирали подписи под прошением о широкой амнистии участникам ""Болотного дела"". Они планировали задать вопросы об этом на пресс-конференции. Задержанных доставили в ОВД Пресненское.",,ОВД Пресненское,"Москва, Краснопресненская наб., 12",22,"http://ovdinfo.org/express-news/2013/12/19/zaderzhannye-pered-press-konferenciey-putina-otpushcheny, http://ovdinfo.org/express-news/2013/12/19/22-cheloveka-zaderzhany-na-press-konferencii-putina"
168,31.12.2013,Москва,не согласовано,Unauthorised,митинг,Rally,Стратегия-31,Strategy-31,Стратегия-31,Strategy-31,Стратегия-31,,"ОВД Пресненский - 14, ОВД Басманный - 13, Лимонов -ОВД Тверской","Москва, Триумфальная площадь",28,http://ovdinfo.org/express-news/2013/12/31/zaderzhannyh-na-triumfalnoy-nachali-otpuskat-iz-policii
169,31.12.2013,Москва,не согласовано,Unauthorised,акция,Direct action,антиПутин,anti-Putin,Солидарность,Solidarity Movement,"Акция ""Путин должен уйти""",,ОВД Хамовники,"Москва, улица Воздвиженка, 3/5С1",10,http://ovdinfo.org/node/7938
170,13.01.2013,Санкт-Петербург,не согласовано,,одиночный пикет,,другое,,другое,,"задержания по окончании одиночного пикета с плакатом «Не закроете мне рот, я — российский патриот!»",,53,"Санкт-Петербург, Комендантский проспект, 31",3,"

http://vk.com/wall-32875578_13073"
171,21.01.2013,Санкт-Петербург,не согласовано,,одиночный пикет,,другое,,другое,,активист Владимир Федин задержан в связи с просьбой члена «Единой России» проверить законность его действий,,,"Санкт-Петербург, м. Адмиралтейская",1,http://vk.com/wall-32875578_13148
172,31.01.2013,Санкт-Петербург,не согласовано,,митинг,,Стратегия-31,,Стратегия-31,,Стратегия-31,,76,"Санкт-Петербург, м. Гостиный двор",9,"

http://vk.com/wall-32875578_13313"
173,04.02.2013,Санкт-Петербург,не согласовано,,оккупай,,социальная,,другое,,разгон сквота на территории исторического здания,,"38 (8), 77 (7), 2 (2)","Санкт-Петербург, Варшавский вокзал",19,"
http://vk.com/wall-32875578_13392"
174,31.03.2013,Санкт-Петербург,не согласовано,,митинг,,Стратегия-31,,Стратегия-31,,Стратегия-31,,"76 (5), 28 (4)","Санкт-Петербург, м. Гостиный двор",9,http://grani.ru/Politics/Russia/activism/strategy31/m.213185.html
175,05.04.2013,Санкт-Петербург,не согласовано,,пикет,,социальная,,Другая Россия,,активисты задержаны во время произнесения речи о неравномерном распределении доходов государства,,"76 (8), 28 (8)","Санкт-Петербург, набережная Фонтанки, 70-72",15,http://www.baltinfo.ru/2013/04/05/Drugorossov-zaderzhali-za-piket-u-Banka-Rossii-v-Peterburge-346816
176,01.05.2013,Санкт-Петербург,согласовано,,прогулка,,другое,,анархисты,,Первомай,,"2 (4), 6 (8), 21 (5), 15 (10)","Санкт-Петербург, Лиговский проспект, 6",27,http://avtonom.org/news/sankt-peterburg-anarhistskiy-pervomay-2013
177,03.05.2013,Санкт-Петербург,не согласовано,,акция,,другое,,другое,," художник Петр Павленский задержан после протестной акции ""Туша""",,2,"Санкт-Петербург, Исаакиевская площадь, 6",1,http://www.svoboda.org/content/article/24976672.html
178,04.05.2013,Санкт-Петербург,не согласовано,,агитация,,политзеки,,другое,,два активиста задержаны во время раздачи листовок о 6 мая в метро,,ОП 1 УПП №4,"Санкт-Петербург, м. Адмиралтейская",2,ovdinfo.org/piter?page=27
179,31.05.2013,Санкт-Петербург,не согласовано,,митинг,,Стратегия-31,,Стратегия-31,,Стратегия-31,,2,"Санкт-Петербург, м. Гостиный двор",7,"

http://vk.com/wall-32875578_16100"
180,12.06.2013,Санкт-Петербург,не согласовано,,митинг,,политзеки,,другое,,"поэт задержан за чтение стихов на ""не-митинге""",,78,"Санкт-Петербург, Марсово поле",1,"http://ovdinfo.org/express-news/2013/06/12/v-peterburge-na-ne-mitinge-oppozicii-zaderzhan-poet-pavel-arsenev, http://www.cogita.ru/grazhdanskaya-aktivnost/protestnaya-aktivnost/protest-2013/na-nemitinge-zaderzhan-poet-pavel-arsenev"
181,27.06.2013,Санкт-Петербург,не согласовано,,акция,,другое,,Другая Россия,,"активисты задержаны с плакатом ""ФМС — в Душанбе"", задержан фотограф",,78,"Санкт-Петербург, Кирочная улица, 4",3,http://www.zaks.ru/new/archive/view/111943
182,29.06.2013,Санкт-Петербург,не согласовано,,пикет,,ЛГБТ,,другое,,"""ЛГБТ-Прайд""",,"78 (14), 52 (36), 22, 76 (5), 6 [не сходится и не про все есть точные данные]","Санкт-Петербург, Марсово поле",54,http://www.ovdinfo.org/express-news/1575
183,18.07.2013,Санкт-Петербург,не согласовано,,митинг,,политзеки,,стихийная,,народный сход в поддержку Навального,,"76 (34), 52 (26), 28 (4)","Санкт-Петербург, Малая Садовая, 6",64,"http://vk.com/wall78053407_15556?reply=17118, ""http://ovdinfo.org/express-news/2013/07/19/v-sankt-peterburge-nakanune-zaderzhali-59-chelovek, http://ovdinfo.org/express-news/2013/07/18/v-sankt-peterburge-zaderzhany-32-cheloveka
"""
184,31.07.2013,Санкт-Петербург,не согласовано,,митинг,,Стратегия-31,,Стратегия-31,,Стратегия-31,,76,"Санкт-Петербург, м. Гостиный двор",6,"http://vk.com/wall-32875578_17420, http://www.fontanka.ru/2013/07/31/142/"
185,02.08.2013,Санкт-Петербург,не согласовано,,одиночный пикет,,ЛГБТ,,другое,,одиночный пикет в поддержку ЛГБТ,,78,"Санкт-Петербург, Дворцовая площадь",1,http://www.baltinfo.ru/2013/08/02/Odinochnyi-piket-predstavitelya-LGBT-soobschestva-na-Dvortcovoi-ploschadi-v-Den-VDV-prodolzhalsya-15-sekund-370926
186,09.08.2013,Санкт-Петербург,не согласовано,,митинг,,националистическая,,стихийная,,народный сход против этнической преступности,,"45 (5), 32,10 [окончательно не ясно, сколько где]","Санкт-Петербург, м. Улица Дыбенко",24,http://vk.com/wall-32875578_18211
187,16.08.2013,Санкт-Петербург,не согласовано,,акция,,социальная,,стихийная,,перекрытие проспекта против сноса,,,"Санкт-Петербург, проспект Науки, 44",1,"http://www.zaks.ru/new/archive/view/113993, http://saint-petersburg.ru/m/319591/"
188,24.08.2013,Санкт-Петербург,не согласовано,,другое,,экология,,экологи,,"попытка демонтировать заборы, огораживающие берег озера",,121,"Ленинградская область, поселок Удальцово",14,"http://vk.com/wall2278517_2066, http://vk.com/miting_help?w=wall-32875578_18887%2Fall"
189,31.08.2013,Санкт-Петербург,не согласовано,,митинг,,Стратегия-31,,Стратегия-31,,Стратегия-31,,76,"Санкт-Петербург, м. Гостиный двор",8,"http://www.baltinfo.ru/2013/08/31/GU-MVD-na-Strategii-31-zaderzhany-shest-chelovek-376495, ""http://ovdinfo.org/express-news/2013/08/31/v-sankt-peterburge-na-strategii-31-zaderzhany-9-chelovek
http://vk.com/miting_help?w=wall-32875578_19181%2Fall"""
190,01.09.2013,Санкт-Петербург,не согласовано,,активист,,националистическая,,другое,,Николай Бондарик задержан перед народным сходом,,30,"Санкт-Петербург, Весельная, 6",1,"http://www.rosbalt.ru/piter/2013/09/01/1170740.html, http://vk.com/miting_help?w=wall-32875578_19191%2Fall"
191,03.09.2013,Санкт-Петербург,не согласовано,,пикет,,другое,,Другая Россия,,акция против Японии,,78,"Санкт-Петербург, набережная Мойки, 29",1,"http://www.kasparov.ru/material.php?id=5225BC7AD863D, http://www.zaks.ru/new/archive/view/114679"
192,04.09.2013,Санкт-Петербург,не согласовано,,агитация,,другое,,другое,,раздача листовок против саммита G20,,28,,3,"http://www.zaks.ru/new/archive/view/114720, http://vk.com/miting_help?w=wall-32875578_19318%2Fall"
193,04.09.2013,Санкт-Петербург,не согласовано,,акция,,другое,,«Война»,,акция против закрытия Музея власти,,28,"Санкт-Петербург, Казанская площадь, 2",3,"http://www.fontanka.ru/2013/09/04/203/, http://vk.com/miting_help?w=wall-32875578_19337%2Fall"
194,05.09.2013,Санкт-Петербург,не согласовано,,активист,,антиПутин,,активист,,надпись на автомобиле «Я презираю Путина»,,31,,1,http://vk.com/miting_help?w=wall-32875578_19363%2Fall
195,05.09.2013,Санкт-Петербург,не согласовано,,пикет,,политзеки,,Левый фронт,,"плакаты «Свободу узникам 6 мая», «Нет Олимпиаде в Сочи в полицейском государстве!»",,31,"Санкт-Петербург, 8-я линия Васильевского острова, 11-13",2,"http://vk.com/miting_help?w=wall-32875578_19389%2Fall, http://vk.com/miting_help?w=wall-32875578_19384%2Fall"
196,05.09.2013,Санкт-Петербург,не согласовано,,одиночный пикет,,другое,,другое,,акция против Японии,,28,,1,"http://vk.com/miting_help?w=wall-32875578_19385%2Fall, http://www.rosbalt.ru/piter/2013/09/05/1172528.html"
197,05.09.2013,Санкт-Петербург,не согласовано,,другое,,другое,,другое,,общественный защитник задержан в суде,,28,"Санкт-Петербург, Караванная ул., 20",1,"http://vk.com/miting_help?w=wall-32875578_19453%2Fall, http://zaks.ru/new/archive/view/114779"
198,06.09.2013,Санкт-Петербург,не согласовано,,агитация,,политзеки,,другое,,раздача листовок в поддержку узников 6 мая,,78,"Санкт-Петербург, Исаакиевская площадь",3,"http://gorpiter.ru/news.php?readmore=61, http://vk.com/miting_help?w=wall-32875578_19597%2Fall"
199,21.09.2013,Санкт-Петербург,не согласовано,,митинг,,националистическая,,стихийная,,народный сход против мигрантов,,"10 (30), 24 (15), 32, 75 (15) [не сходится]","Санкт-Петербург, м. Ломоносовская",60,"http://vk.com/miting_help?w=wall-32875578_19915%2Fall, http://www.rosbalt.ru/piter/2013/09/22/1178449.html"
200,22.09.2013,Санкт-Петербург,не согласовано,,активист,,националистическая,,другое,,Николай Бондарик задержан у здания суда,,32,"Санкт-Петербург, ул. Ольги Берггольц, 12",1,"http://vk.com/miting_help?w=wall-32875578_20494%2Fall, http://www.zaks.ru/new/archive/view/115594"
201,22.09.2013,Санкт-Петербург,не согласовано,,митинг,,националистическая,,стихийная,,народный сход против мигрантов,,32,"Санкт-Петербург, м. Гостиный двор",4,http://vk.com/miting_help?w=wall-32875578_20502%2Fall
202,07.10.2013,Санкт-Петербург,согласовано,,пикет,,другое,,другое,,пикет памяти Анны Политковской; после официального окончания развернут плакат,,43,"Санкт-Петербург, Троицкая площадь",2,http://www.rosbalt.ru/piter/2013/10/07/1184760.html
203,08.10.2013,Санкт-Петербург,не согласовано,,одиночный пикет,,антиПутин,,другое,,одиночный пикет с плакатом «Путин - для нашей семьи ты чудовище»,,16,,1,http://vk.com/miting_help?w=wall-32875578_21108%2Fall
204,20.10.2013,Санкт-Петербург,согласовано,,митинг,,националистическая,,другое,,народный сход против этнопреступности (согласован Бондариком),,76,"Санкт-Петербург, Марсово поле",8,http://www.rosbalt.ru/piter/2013/10/20/1190105.html
205,31.10.2013,Санкт-Петербург,не согласовано,,митинг,,Стратегия-31,,Стратегия-31,,Стратегия-31,,76,"Санкт-Петербург, м. Гостиный двор",6,http://www.gazeta.spb.ru/1470691-0/
206,04.11.2013,Санкт-Петербург,не согласовано,,марш,,националистическая,,стихийная,,Марш против толерантности (по инициативе Максима Калиниченко),,,"Санкт-Петербург, Лиговский проспект, 6",40,http://www.rosbalt.ru/piter/2013/11/05/1195920.html
207,04.11.2013,Санкт-Петербург,не согласовано,,акция,,националистическая,,стихийная,,танцевальный флешмоб (по инициативе Максима Калиниченко),,52,"Санкт-Петербург, Дворцовая площадь",29,http://www.rosbalt.ru/piter/2013/11/04/1195764.html
208,05.11.2013,Санкт-Петербург,не согласовано,,другое,,другое,,другое,,забастовка на заводе «Антолин»,,97,"Ленинградская обл., Всеволожский район, деревня Новосаратовка, Промзона Уткина заводь, МЛП, стр. 4",10,http://vk.com/miting_help?w=wall-32875578_23848%2Fall
209,12.12.2013,Санкт-Петербург,не согласовано,,одиночный пикет,,ЛГБТ,,другое,,"
одиночный пикет у здания Конституционного суда с плакатом «Я человек а не пропаганда»",,1,"Москва, Сенатская площадь",1,http://vk.com/miting_help?w=wall-32875578_24755%2Fall
210,24.12.2013,Санкт-Петербург,не согласовано,,одиночный пикет,,другое,,другое,,одиночный пикет в связи с конфликтом вокруг креативного пространства «Четверть»,,1,"Санкт-Петербург, переулок Пирогова, 16",1,http://vk.com/miting_help?w=wall-32875578_25001%2Fall
211,31.12.2013,Санкт-Петербург,не согласовано,,митинг,,Стратегия-31,,Стратегия-31,,Стратегия-31,,28,"Санкт-Петербург, м. Гостиный двор",13,http://vk.com/miting_help?w=wall-32875578_25101%2Fall
212,16.02.2013,Нижний Новгород,не согласовано,,пикет,,социальная,,"Другая Россия, Левый Фронт, ""5 декабря""",,"серия одиночных пикетов в защиту школы № 15 от давления властей с участием ""Другой России"", ""Левого фронта"", Партии 5 декабря",,ОП 2 (Дзержинск),"Нижегородская область, Дзержинск, площадь Дзержинского",15,"http://ovdinfo.org/express-news/2013/02/16/v-nizhegorodskoy-oblasti-zaderzhano-15-chelovek-posle-akcii-v-podderzhku, http://lustrabazann.info/novosti/2013/02/v-nizhegorodskoj-oblasti-zaderzhano-15-chelovek-posle-akcii-v-podderzhku-shkoli.html"
213,20.03.2013,Нижний Новгород,не согласовано,,пикет,,социальная,,стихийная,,серия одиночных пикетов у здания городской Думы против строек,,ОП 5 (Нижний Новогород),"Нижегородская область, Нижний Новгород, территория Кремль, к. 5",2,"http://lustrabazann.info/novosti/2013/03/v-hode-odinochnih-piketov-v-kremle-zaderzhana-80-letnjaja-pensionerka.html, http://progorodnn.ru/newsv2/71981.html"
214,21.02.2013,Нижний Новгород,не согласовано,,активист,,активист,,активист,,"сотрудники ""Центра по противодействию экстремизму"" задержали и попытались завербовать несовершеннолетнего активиста ""Другой России"" Алексея Шарова под угрозой уголовного преследования",,ОП 5 (Нижний Новогород),,1,http://lustrabazann.info/novosti/2013/02/davlenie-na-nesovershennoletnego-storonnika-drugoj-rossii-v-nizhnem-novgorode.html
215,05.04.2013,Нижний Новгород,не согласовано,,шествие,,националистическая,,"Другая Россия, ЭПО ""Русские""",,"Участники акции ""День Русской Нации"" вывесили транспарант «Отобрать и поделить!», скандировали лозунги и раскидали листовки, попытка шествия
",,"ОП 5, ОП 7 (Нижний Новогород) [непонятно, сколько где]","Нижегородская область, Нижний Новгород, Театральная площадь",14,"http://www.ovdinfo.org/express-news/1392, ""http://www.ovdinfo.org/express-news/1393
http://lustrabazann.info/novosti/2013/04/16-aktivistov-zaderzhani-v-nizhnem-novgorode-v-den-russkoj-nacii.html
http://lustrabazann.info/novosti/2013/04/sostojalis-sudi-nad-zaderzhannimi-uchastnikami-dnja-russkoj-nacii-v-nizhnem-novgorode.html"""
216,05.04.2013,Нижний Новгород,не согласовано,,акция,,националистическая,,"Другая Россия, ЭПО ""Русские""",,,,"ОП 5, ОП 7 (Нижний Новогород) [непонятно, сколько где]","Нижегородская область, Нижний Новгород, Театральная площадь",3,"http://www.ovdinfo.org/express-news/1392, ""http://www.ovdinfo.org/express-news/1393
http://lustrabazann.info/novosti/2013/04/16-aktivistov-zaderzhani-v-nizhnem-novgorode-v-den-russkoj-nacii.html
http://lustrabazann.info/novosti/2013/04/sostojalis-sudi-nad-zaderzhannimi-uchastnikami-dnja-russkoj-nacii-v-nizhnem-novgorode.html"""
217,11.04.2013,Нижний Новгород,не согласовано,,агитация,,экология,,стихийная,,Расклейка листовок о согласованном митинге,,ОП 1 (Нижний Новгород),,2,"http://lustrabazann.info/novosti/2013/04/zaderzhan-za-rasklejku-listovok-zashhitnik-avtozavodskogo-parka.html, http://lustrabazann.info/novosti/2013/04/na-7-sutok-administrativnogo-aresta--osuzhden-organizator-soglasovannogo-mitinga.html"
218,14.04.2013,Нижний Новгород,не согласовано,,митинг,,социальная,,стихийная,,"задержание в метро, после градозащитного митинга ""Защитим Нижний!""",,ОП 5 (Нижний Новогород),,1,http://lustrabazann.info/novosti/2013/04/v-nizhnem-novgorode-proshli-sudi-nad-aktivistkoj-drugoj-rossii.html
219,09.05.2013,Нижний Новгород,не согласовано,,одиночный пикет,,другое,,"""Трудовой Нижний Новгород""",,одиночный пикет в честь Победы советского народа над фашизмом,,ОП 5 (Нижний Новогород),"Нижегородская область, Нижний Новгород, ул. Б. Покровская, 42",1,"http://lustrabazann.info/novosti/2013/05/zaderzhan-za-odinochnij-piket-i-osuzhden-k-8-sutkam-aresta-i-objazatelnim-rabotam-petr-tipakov.html, http://zeki.su/novosti/2013/5/11163251.html"
220,14.05.2013,Нижний Новгород,не согласовано,,активист,,активист,,активист,,доставлению с целью допроса,,Центр по противодействию экстремизму ГУ МВД по Нижегородской области,,4,"http://www.ovdinfo.org/express-news/1476, http://www.ovdinfo.org/express-news/1477
http://www.ovdinfo.org/express-news/1478"
221,10.07.2013,Нижний Новгород,не согласовано,,активист,,активист,,"Другая Россия, МОПД «Единство»",,"активисты и случайный пассажир автобуса задержаны на выезде из Нижнего Новгорода по пути в город Пугачев, где проходят выступления националистов, ""для проверки документов""",,ОП 6,"Нижегородская область, Нижний Новгород, улица Ларина, 30",4,"http://www.lustrabazann.info/novosti/2013/07/zaderzhani-nizhegorodskie-aktivisti-ehavshie-v-pugachev.html,"
222,19.07.2013,Нижний Новгород,не согласовано,,активист,,активист,,Другая Россия,,"активист задержан по административному делу о вывешивании баннера ""С днем предательства Родины!"" на здании областного УФСБ",,ОП 5,"Нижегородская область, Нижний Новгород, улица Евгения Никонова, 3",1,"http://www.lustrabazann.info/novosti/2013/07/kogotok-uvjaz---vsej-ptichke-propast-ili-otkrovenija-dmitrija-kapeljusha.html, http://www.lustrabazann.info/novosti/2013/07/k-pitkam-aleksandra-zajceva-prichastni-nachalniki-oblastnogo-ufsb-i-centra-e.html"
223,31.07.2013,Нижний Новгород,не согласовано,,митинг,,Стратегия-31,,Стратегия-31,,Стратегия-31,,ОП 5,"Нижегородская область, Нижний Новгород, площадь Свободы",10,"http://ovdinfo.org/express-news/2013/08/01/v-nizhnem-novgorode-vseh-aktivistov-ostavili-v-op-5-do-utra
http://www.lustrabazann.info/novosti/2013/08/v-nizhnem-novgorode-akcija-strategii-31-zakonchilas-zaderzhanijami.html, ""http://www.lustrabazann.info/novosti/2013/08/-nizhegorodskih-aktivistov-arestovali-za-miting-strategii-31.html
http://www.lustrabazann.info/novosti/2013/08/sudi-nad-zaderzhannimi-uchastnikami-mitinga-strategija--31-protiv-o-sorokina.html"""
224,24.08.2013,Нижний Новгород,не согласовано,,другое,,националистическая,,"""Русская пробежка""",,"""русская пробежка""",,ОМВД по Балахнинскому району,"Нижегородская область, Балахны",12,http://www.lustrabazann.info/novosti/2013/08/zaderzhani-uchastniki-russkoj-probezhki.html
225,31.10.2013,Нижний Новгород,не согласовано,,митинг,,Стратегия-31,,Стратегия-31,,Стратегия-31 в Нижнем Новгороде,,ОП 5,"Нижегородская область, Нижний Новгород, площадь Свободы",3,"http://ovdinfo.org/express-news/2013/11/02/apellyaciya-po-delu-staroverova-otklonena-pomeshchen-v-ivs-pri-op-2, http://ovdinfo.org/express-news/2013/11/02/rezultaty-sudov-v-nizhnem-pyat-sutok-staroverovu-ostalnye-na-svobode, http://ovdinfo.org/express-news/2013/10/31/zaderzhannye-v-nizhnem-novgorode-ostayutsya-v-policii-do-utra, http://ovdinfo.org/express-news/2013/10/31/v-nizhnem-novgorode-na-strategii-31-zaderzhany-staroverov-myaskovskiy-i"
226,14.12.2013,Нижний Новгород,не согласовано,,активист,,активист,,Другая Россия,,"Около офиса нижегородского отделения Другой России было задержано трое активистов, полицейские отказались на месте объяснить причину задержания. В то же время была заблокирована квартира лидера нижегородского отделения Юрия Строверова. Вечером после освобождения активистов и снятия блокады квартиры Староверова, события получили продолжение.",,ОП 5,"Нижегородская область, Нижний Новгород, ул. Новая, 48",3,"http://ovdinfo.org/express-news/2013/12/15/nizhegorodskie-aktivisty-vyshli-na-svobodu, http://ovdinfo.org/express-news/2013/12/14/zaycevy-snova-zaderzhany-v-nizhnem-novgorode, http://ovdinfo.org/express-news/2013/12/14/nizhegorodskie-aktivisty-na-svobode, http://ovdinfo.org/express-news/2013/12/14/zaderzhannym-aktivistam-v-nizhnem-novgorode-do-sih-por-ne-predyavili, http://ovdinfo.org/express-news/2013/12/14/troe-aktivistov-zaderzhany-bez-obyasneniya-prichin-v-nizhnem-novgorode"
227,12.10.2013,Нижний Новгород,не согласовано,,активист,,активист,,Другая Россия,,"Судебные приставы задержали руководителя Арзамасской ячейки ""Другой России"" Дмитрия Исусова, якобы, не заплатившего штраф за участие в акции ""Стратегии-31",,,"Нижегородская область, Арзамас",1,http://ovdinfo.org/node/7818
228,12.12.2013,Нижний Новгород,не согласовано,,активист,,активист,,Другая Россия,,"Задержан руководитель арзамасского отделения ""Другой России"", якобы участвовавший в драке",,"Арзамасская городская прокуратура; Управление внутренних дел г. Арзамаса, дежурная часть","Нижегородская область, Арзамас, ул. Коммунистов, 6",1,http://ovdinfo.org/node/7828
229,15.12.2013,Нижний Новгород,не согласовано,,агитация,,другое,,Другая Россия,,"Агитация активистов ""Другой России"" в Арзамасе",,,"Нижегородская область, Арзамас",2,http://ovdinfo.org/node/7855
230,30.12.2013,Нижний Новгород,не согласовано,,активист,,активист,,Другая Россия,,Доставление активиста в суд по делу о неуплате штрафа,,ОП 4,"Нижегородская область, Нижний Новгород, ул. Новая, 48",1,http://ovdinfo.org/node/7924
231,22.06.2013,Воронеж,согласовано,,митинг,,экология,,«В защиту Хопра» ,,задержания после проведения согласованного митинга и происшествия на Еланском месторождении в Новохоперском районе,,ОМВД по Новохоперскому району,"Воронежская область, Новохоперский район",25,"http://savekhoper.ru/?p=2644, http://savekhoper.ru/?p=2678"
232,23.06.2013,Воронеж,не согласовано,,активист,,активист,,активист,,расследование поджога буровых в Новохоперском районе,,ОМВД по Новохоперскому району,"Воронежская область, Новохоперский район",3,http://savekhoper.ru/?p=2644
233,23.05.2013,Воронеж,не согласовано,,пикет,,экология,,«В защиту Хопра» ,,серия одиночных пикетов против добычи никеля в Прихоперье в Воронеже,,,"Воронежская область, Воронеж, Ленинский проспект, 2",3,http://savekhoper.ru/?page_id=2480
234,01.05.2013,Воронеж,согласовано,,митинг,,другое,,другое,,"участница первомайской демонстрации скандировала «Нет никелю на Хопре», полиция приписала ей также выкрики «Нет правительству воров» в Воронеже",,,"Воронежская область, Воронеж, проспект Революции, 23",1,"http://savekhoper.ru/?page_id=2480, http://www.moe-online.ru/news/view/265525.html"
235,17.04.2013,Воронеж,не согласовано,,активист,,активист,,«В защиту Хопра»,,доставление свидетеля на допрос в Воронеже,,,"Воронежская область, Новохоперский район, Новохоперск",1,http://article20.org/news/aktivista-nelli-rudchenko-dvizhenie-v-zashchitu-khopra-dosta#.Ue_AdNdDt0w